ITE_ITEM_TITLE,CATEGORY
Tv Noblex 22 + Mesa 29,CELLPHONES
iPhone 6 Libre De Todo,CELLPHONES
Smart Tv 32   Admiral Con 2 Semanas De Uso Pantalla Rota,CELLPHONES
Samsung Galaxy S9+ 64 Gb Morado Lila 6 Gb Ram,CELLPHONES
Celular Nextel Antiexplosivo Anti Estatica Humedad Calor,CELLPHONES
Nextel Moto Xt Iron Libre Ver#656 Nextel Para Usar Whatsapp,CELLPHONES
Tv Hitachi,CELLPHONES
Tv Sony Bravia Lcd 32 Pulgadas ,CELLPHONES
Nextel I880 Usado Importado De Usa Para Poner Chip Libre,CELLPHONES
Samsung Galaxy S10 - Excelente Estado - Leer Descripción,CELLPHONES
Samsung Tv 55 Full Hd Curved,CELLPHONES
iPhone 6 64 Gb Plateado,CELLPHONES
Tv Tubo Sony Trinitron,CELLPHONES
Blackberry 9790 Bold Blanco,CELLPHONES
Celular Motorola Teletac C/manual - Decoracion,CELLPHONES
iPhone 5,CELLPHONES
Celular Motorola One 4gb/64gb Blanco Liberado Garantia Ofici,CELLPHONES
Televisor Funcionando ,CELLPHONES
iPhone 6 De 64gb Libre,CELLPHONES
Moto G Segunda Generación Dual Sim 8 Mp M Xt 1068 4 Nucleos,CELLPHONES
Tv Philips 20 ,CELLPHONES
Celular Samsung Galaxy J4 2018,CELLPHONES
Smart Tv 4k 60  Hyundai  Oferta Imperdible ,CELLPHONES
Repuestos Celulares Caterpillar,CELLPHONES
iPhone 5s Para Repuesto ,CELLPHONES
Celular Nextel Dualsim Doble Sim Gsm Claro Datos Moviles 3g,CELLPHONES
iPhone 6 Plus 64 Gb Usado Color Gris ,CELLPHONES
Nextel I9 Usado Buen Estado Para Chip Prepago O Abono,CELLPHONES
Samsung Galaxy J2 8gb - Para Repuesto,CELLPHONES
Galaxy Samsung S10 Liberado - 512 Gb,CELLPHONES
Motorola Kairos Xt627 Doble Dual Sim Nextel Filma Hd Nuevo,CELLPHONES
Celular Ulefone Armor 6e Industrial Militar Ip69 Ip68,CELLPHONES
iPhone X 256gb Bat 95% Space Gray Perfecto Estado!,CELLPHONES
iPad Apple,CELLPHONES
Tv Color Talent De 14 ',CELLPHONES
Xiaomi Mi A3 4gb Ram 64gb Triple Camara Huella Dactilar!!!!,CELLPHONES
iPhone SE Rose 64gb,CELLPHONES
Smart Tv Tcl S-series Hd 32  L32s6500,CELLPHONES
Tv Philips 21 Real Flat,CELLPHONES
Celular iPhone 8 64gb,CELLPHONES
Moto X 2 Generacion Xt1093 32gb 12 Mpx 4g Mercadopago,CELLPHONES
Tablet Aitech A17042 8gb 1gb Ram Usb Wifi 7 Pulgadas,CELLPHONES
Celuar Samsung Galaxy S10+ Plus 128g Liberado Impecable,CELLPHONES
iPhone 7 32 Gb Usado,CELLPHONES
"iPhone XS Max, 95% De Batería, Blanco, 64gb",CELLPHONES
Tv,CELLPHONES
"Tv Samsung Lcd 3000 Funciona, La Pantalla Negra. ",CELLPHONES
iPhone 7 Black Mate,CELLPHONES
iPhone 6 16gb,CELLPHONES
Tv 29 Pulgadas Philips Mod 29pd6932/77,CELLPHONES
Celular Asus Zenfone Laser 3 Con Funda Inteligente!,CELLPHONES
Celular Moto Xplay 32gb Impecable Como Nuevo,CELLPHONES
Nextel Iden I680 I686 Irrompible Goma Para Uso Militar Army,CELLPHONES
Huawei P40 Pro 256gb/8gb 5g ,CELLPHONES
Samsung Galaxy A50 64 Gb Azul 4 Gb Ram,CELLPHONES
Celular Doogee S60 Ip68 Waterproof Unlocked Solo X Encargue,CELLPHONES
Celular Nextel Motorola I890 Liviano - Uso Comodo Super Fino,CELLPHONES
Moto X X2 Edition Bambu 32gb En Caja Mp3 Para Chip Personal,CELLPHONES
Motorola Moto X 2° Generacion Xt1075 32gb 4g Bambo Nuevo Oem,CELLPHONES
Permuto Por Xiaomi Samsung S9 Snapdragon 845 Con Detalle ,CELLPHONES
Televisor: Sanyo,CELLPHONES
Celular Motorola Moto C,CELLPHONES
Celular Motorola  Z2 Play Power Edition,CELLPHONES
Motorola I880,CELLPHONES
iPhone SE,CELLPHONES
Motorola X2 ,CELLPHONES
Vendo Samsung S5,CELLPHONES
Celular Moto X X3 Stylus 4g Lta 4g Nuevo Oem Suelto Watasp,CELLPHONES
iPhone XS Max 64 Gb,CELLPHONES
Celular Nextel Iron Rock Ironrock Xt626 Colgado Fastboot,CELLPHONES
Repuestos Moto G5 Plus Xt1680,CELLPHONES
iPhone 5c 16gb Garantia Completo Accesorios Funda Free,CELLPHONES
"Celular Libre Sansei S191 1,9  4mb/3mb 2g",CELLPHONES
"iPhone X 64 Gb En Caja Con Accesorios, 100% Impecable",CELLPHONES
Tv LG Full Hd 43  ,CELLPHONES
Samsung S6,CELLPHONES
iPhone 6s Plus 128 Gb Gris Espacial 2 Gb Ram,CELLPHONES
Tv 21 Pulgadas,CELLPHONES
Tv 24 Pulgadas,CELLPHONES
Samsung Galaxy Ace2 Ll Gt-i8160 Eb425161lu S3mini Envios,CELLPHONES
Samsung Galaxy S20+ 128 Gb Cosmic Black 8 Gb Ram,CELLPHONES
Smart Tv 4k 55 Philips 55pug6703/77,CELLPHONES
Moto G 2da Gener Xt1068 Dual Sim Libre 8mpx 5 Pulgadas Nuevo,CELLPHONES
Celular Apple iPhone 6s 32gb Rose Gold Nuevo Sin Uso En Caja,CELLPHONES
Smart Tv Ken Brown Full Hd 40  Kb-40-s3000sa,CELLPHONES
Tv 65  Rca L39s85digi ,CELLPHONES
Tv Admiral 25  Pantalla Plana Con Control (leer Detalle),CELLPHONES
Excelente!!!tv Sony Wega 21 Trinitron Planac/remoto. Palermo,CELLPHONES
Televisor Grundig 29 Pulgadas No Funciona ,CELLPHONES
Celular Nextel I940 Smartphone Nuevo Caja Sin Usar 0km,CELLPHONES
Sony Bravia 32 Lcd,CELLPHONES
iPhone XS,CELLPHONES
Celular Nokia Lumia 530,CELLPHONES
Hitachi Televisor Antiguo 14 ,CELLPHONES
iPhone 7 32 Gb Rose Gold 300usd,CELLPHONES
Vendo Tv Led De 32 Pulgadas Noblex A Reparar !!!,CELLPHONES
Televisor Lcd LG Scarlet 32lg60ur,CELLPHONES
Samsung Q90 65  Class Hdr 4k Uhd Smart Qled Tv _1,CELLPHONES
Tv Philips Ultra Slim Line,CELLPHONES
iPhone 7 Plus De 256gb,CELLPHONES
iPhone X 256gb ,CELLPHONES
Carcaza Tv 32  Para Mueblerías Utilería Solo Decoración,CELLPHONES
Smart Tv 32 De Oferta Marca Noblex Jvc Philco Sanyo Philips,CELLPHONES
Blackberry Z10 La Mejor De Todas Bb Z 10 Movistar Estado 10p,CELLPHONES
Celular Libre Ipro V7 Flip Blanco/ Rosa Teclas Dual Sim,CELLPHONES
Smart LG 55uk6550,CELLPHONES
Nextel I560 Black Negro Importado Brute Resiste Calor Libre,CELLPHONES
Apple iPad Pro 12.9' New 2020 256gb Wi-fi Gris,CELLPHONES
Monoplaca Genérica China Para Tv Led 32 Pulgada ,CELLPHONES
Televisor Smart Kanji 60 4k (05344),CELLPHONES
Televisor Daenyx 14 Pulgadas. ,CELLPHONES
Smart Tv Samsung 32 Led J5500 Hdmi Usb Netflix,CELLPHONES
Xiaomi Redmi Note 8 Dual Sim 64 Gb Negro Espacial 4 Gb Ram,CELLPHONES
Huawei Y7 2019,CELLPHONES
Tv Hitachi 21  Platinum Flat ,CELLPHONES
Televisor Portatil 12 PLG. B / N Japones Años 70s No Envio,CELLPHONES
Samsung Galaxy A51. 128gb,CELLPHONES
iPhone 6 ,CELLPHONES
 Permuto Samsung Note 8 64 Gigas 6 De Ram Libre De Fabrica,CELLPHONES
Celular Sony Xperia E4g E2053 1gbram 8gb 5mp Outlet Gtia,CELLPHONES
iPad Air 16gb - Como Nuevo,CELLPHONES
Apple iPhone SE 16gb Plateado,CELLPHONES
Celular Nextel Personal Claro Movistar Doblesim Anda En 3g,CELLPHONES
Tv Cinemaster 32' Pulgadas Para Refaccionar O Para Repuesto,CELLPHONES
"Tablet Eurocase Vesta 8,95 Pulgadas A Reparar !!",CELLPHONES
iPhone 8 Plus Gold- 64gb- Excelente Estado,CELLPHONES
Celular Radio Nextel I867 Negro En Caja Libre Para Usar Chip,CELLPHONES
Celular Hello-kitty-kity Phone Flip Tapita Mp3 Mp4 Pink #45,CELLPHONES
Televisor Philips Tv Real Flat 25pt5541/77 C/ Control Remoto,CELLPHONES
Samsung Led Smart Tv 1 Mes De Uso,CELLPHONES
Nextel ¡833 Pinifarina Usado,CELLPHONES
iPhone SE 64 Gb Plata 2 Gb Ram,CELLPHONES
Vendo Tv. Samsung 55' Poco Uso Casi Nuevo En.perfecto Estado,CELLPHONES
iPhone 11 Pro Max 256 Gb Gris Espacial 4 Gb Ram,CELLPHONES
Televisor Philips Con Caja De Madera,CELLPHONES
Celular Samsung A10,CELLPHONES
Televisores Usados,CELLPHONES
Celular Asus Zenfone 3 Max 5.2,CELLPHONES
iPhone 11 128 Gb,CELLPHONES
Celular Moto X X2 Xt1572 4g Cam 20 Mpx Pure Edition Stylus,CELLPHONES
"Celular iPhone XS, 512 Gb, Silver",CELLPHONES
Celular Samsung Galaxy J1 Ace,CELLPHONES
Celular Smartphone Umidigi A3s 4g Android 10 3950 Bateria,CELLPHONES
iPhone 7 Jet Black 128gb Sin Uso,CELLPHONES
"Tv Philips 20  Estéreo, Audio Y Video C/ C. Remo. Impecable ",CELLPHONES
Dump Memoria Sanyo Dp32242,CELLPHONES
Samsung Galaxy Note 9 Factory Unlocked Phone 6.4 Screen Y  ®,CELLPHONES
Celular Moto X X2 Xt1575 Pure Stylus 16gb 4g Ultra Rapido,CELLPHONES
Samsung Galaxy S8 Plus,CELLPHONES
Led Tv Philips 48  Pfg5000/77 (pantalla Rota),CELLPHONES
Samsung Galaxy A8+,CELLPHONES
Celular Nextel I897 Ferrari Red Color En Caja Estado 8.9,CELLPHONES
"iPhone 6 16 Gb Nuevo 4 G Lte Retina 4,7 Caja Colores",CELLPHONES
Tv Samsung 55 Pulgadas Un55mu7500gczb Pantalla Rota,CELLPHONES
Microsoft Lumia 950xl Dual Sim Cam 20mp 4k 3gb Ram Impecable,CELLPHONES
Tv Philips ,CELLPHONES
Tablet Sky Vision 2 Nueva,CELLPHONES
"Tv Sanyo Vizón 32 Lcd Fullhd,hdmi C/remoto",CELLPHONES
Blackberry 8520. Para Personal.-,CELLPHONES
Celular Motorola Pininfarina I833,CELLPHONES
Smart Led Tcl L32s4900,CELLPHONES
iPhone 6 64gb,CELLPHONES
Samsung S10 Plus 128gb Azul  Okm!!!,CELLPHONES
iPhone 5 Liberado Impecable,CELLPHONES
Tv Sony Trinitron 29,CELLPHONES
Tv Philips 21 Pantalla Plana,CELLPHONES
Blu Studio G D790q Nuevos ,CELLPHONES
Tablet C/ Parlante 7  ,CELLPHONES
Samsung Galaxy Tab E Smt560 9.6+protectorpantalla+caserigido,CELLPHONES
Celular Nextel I326 I326is Etiqueta Verde Fm Aproved Ypf,CELLPHONES
iPhone 6 16gb Gold,CELLPHONES
Celular Huawei Básico U2800 Sin Batería Prende Sin Cargador ,CELLPHONES
Celular iPhone 8 64gb Apple Usado Perfectas Condiciones!!,CELLPHONES
Televisor Smart LG 43',CELLPHONES
Nextel Motorola I867,CELLPHONES
Moto G7 Power Dual Sim 64 Gb Marine Blue 4 Gb Ram,CELLPHONES
Samsung Not 10  6 M De Uso... Puedo Permu X iPhone 8 Plus ,CELLPHONES
Telefono Celular Lenovo Vibe K5 4g 13mpx Octacore Oem Suelto,CELLPHONES
Celular Lg Modelo Lg T320g,CELLPHONES
iPhone 6 Plus 16gb [solo Wifi Y Datos],CELLPHONES
Televisor Led Samsung 40,CELLPHONES
Celular Meitu M8 Modelo Hello Kitty Fuxia 4g 64gb 4gb Watsap,CELLPHONES
iPad Pantalla Rota,CELLPHONES
Celular Motorola Moto C,CELLPHONES
Moto X Segunda Generacion Solo X Mercadopago Mercadoenvios,CELLPHONES
1gb De Datos Moviles + $25 De Credito!!,CELLPHONES
iPhone XR 4 Meses De Uso. Batería 100 % Y Garantía De Apple,CELLPHONES
iPhone 4 Usado,CELLPHONES
Lg Urbane Nuevo,CELLPHONES
Vendo O Permuto Sony Xperia Xz1 Por Pc O Netbook Gamer,CELLPHONES
Smart Tv Sansei 49. Pantalla Con Golpe,CELLPHONES
Nexus 10,CELLPHONES
2 Celulares Nextel Para Uso En Refineria I325is Con Sello Fm,CELLPHONES
Apple iPhone 5 Impecable Sin Accesorios,CELLPHONES
Rosario Samsung A20s 32gb Nuevos Liberados,CELLPHONES
"Nokia N97 + Version China, Colección Funcionan Perfecto",CELLPHONES
K.b. 40-2270-smart.,CELLPHONES
Samsung Galaxy A3 2017 Muy Bueno Gold Liberado,CELLPHONES
Samsung Galaxy J7 2016 Bueno Gold Movistar,CELLPHONES
Tv Samsung Slim Fit Tv Easy View 21 Pulgadas,CELLPHONES
iPhone 4,CELLPHONES
Microsoft Surface Pro 4 256 Gb 8 Gb Ram Intel Core I7e ®,CELLPHONES
iPhone XS Max 64 Gb Gold,CELLPHONES
Tablet Kanji Alfa-t116.7 .quad-core.16gb,CELLPHONES
Vendo Tv Antigua Zenith,CELLPHONES
"Xiaomi Note 8 De 64gb, Nuevo Con Garantia",CELLPHONES
Dump Memoria Tv Aoc Le40f1551,CELLPHONES
Tv Hitachi,CELLPHONES
Smart Tv 43 LG 43lm6300psb Led Full Hd Magic Remote Cuotas,CELLPHONES
iPhone 8 Space Grey 64gb ,CELLPHONES
Motorola Moto G2 2da Generacion Negro 8gb 4g Nuevo Refubrish,CELLPHONES
Nextel Boost Legal Para Activar En Nextel Importado De Usa,CELLPHONES
Celular Moto G6 Play,CELLPHONES
iPhone X 64 Gb.,CELLPHONES
iPhone 7 Plus 128 Gb Plata 3 Gb Ram,CELLPHONES
Tubo De Television 14'' Cañón Fino Sin Yugo,CELLPHONES
Samsung A10,CELLPHONES
Televisor Ken Brown,CELLPHONES
Lcd,CELLPHONES
Smartv 42  Pantalla Rota El Resto Funcioniento Optimo.,CELLPHONES
Samsung S8 Plus,CELLPHONES
Nextel Iden I876 Usado Camara 1.5 Musica Mp3 Camara Bluethot,CELLPHONES
Televisor Sony 20 Pulgadas,CELLPHONES
iPhone 6s 64 Gigas. 100% De Bateria. Libre De Fabrica,CELLPHONES
Televisor Nobex 24 Pulgadas ,CELLPHONES
iPhone 6 Plateado Solo Para Repuestos,CELLPHONES
Lote De Celulares (llamar Y Mandar Msj),CELLPHONES
Nextel Iden I870 Legal Para Declarar Musica Mp3 Version#2,CELLPHONES
Televisor Hitachi Kiku 9 Vintage,CELLPHONES
Tv Philco 14 Pulgadas,CELLPHONES
iPhone 8 Plus 64gb Space Gray Importado Usado Excelente,CELLPHONES
Celular Motorola G 4 Play Usado (perfecto Estado),CELLPHONES
Tv Samsung 29 Pulgadas,CELLPHONES
Smart Tv Hisense Full Hd 43  H4318fh5,CELLPHONES
Celular Nextel I355 De Goma Anti Aislante 0km Nuevo En Caja,CELLPHONES
Samsung J2 Prime Dual Chip,CELLPHONES
"iPhone 6 16gb Libre 6 Meses De Uso, Garantía Oficial + Case",CELLPHONES
Smart Tv Hitachi 4k 55  Cdh-le554ksmart20,CELLPHONES
iPhone 7 128gb Negro Mate- Como Nuevo!,CELLPHONES
"iPhone 6s Plus, Muy Bien Cuidado.",CELLPHONES
iPhone X 256gb Negro Caja Y Acc + 6 Fundas + Vidrio,CELLPHONES
Celular Motorola Moto G2 8 Gb Negro,CELLPHONES
Nextel I580 Gris Goma Usado Caja Full Con Holder Mp3 Mp4,CELLPHONES
Televisor Tonomac De 21 Pulgadas Usado En Perfectas Estado,CELLPHONES
iPhone Pro Max (64 Gb),CELLPHONES
Tv ,CELLPHONES
Apple iPhone 8 Plus 64gb 3gb 4k Nuevo Sellado 6 Cuotas S/int,CELLPHONES
Apple iPhone 6s 128gb Rose,CELLPHONES
Tv Lcd Top House 32 Pulgadas,CELLPHONES
Nextel Kairos Xt627 Dual Sim Android 404 Fondo Rojo Nuevo,CELLPHONES
Televisor Color Philips,CELLPHONES
iPhone 5 Usado,CELLPHONES
Celular Hyundai Ultra Air Camara 13mp Films Vidrio Nuevo,CELLPHONES
Nextel I850 Negro Modelo Especial Limitado Usado Version 4,CELLPHONES
Samsung Galaxy S8 Plus Pantalla Rota Para Repuesto,CELLPHONES
Configuracion De Celular,CELLPHONES
"Celular Motorola One Visión, 128 Gb",CELLPHONES
Televisión A Color Hitachi Perfecto Estado 19 Pulgadas,CELLPHONES
Celu,CELLPHONES
Televisor Samsung 24 Pulgadas,CELLPHONES
iPhone 6s 128 Gb,CELLPHONES
Televisor Color Portatil Citizen St055 En Caja,CELLPHONES
Tv Led 32 LG 32cs560-sd,CELLPHONES
Televisor 14 Pulgadas Con Control Remoto Y Soporte,CELLPHONES
Celular Moto X X2 Xt1575 Pure Stylus 16gb 4g Gps Mp3 Mp4,CELLPHONES
Nextel I943 Tactil Wifii Libre Chiquito Comodo Livianito Mp3,CELLPHONES
Televisor Philips 28 Dwide + Equipo Aiwa Nsx T7 + Mesa,CELLPHONES
Moto E6 Plus Dual Sim 64 Gb Polished Graphite 4 Gb Ram,CELLPHONES
Motorola Moto Z3 Play,CELLPHONES
iPhone SE Rose 16 Gb Impecable. Liberado.,CELLPHONES
Celular Samsung S8 64gb Qhd+ Gris Pantalla Fantasma ,CELLPHONES
Celular Philco P241 Dual Sim C/ Whatsapp Y Facebook. Robusto,CELLPHONES
Moto G 8,CELLPHONES
Televisor Rca. 32 Pulgadas.,CELLPHONES
iPhone 7 Plus 128 Gigas  Negro   Muy Buen Estado General ,CELLPHONES
Televisor Philco Modelo Plf3210,CELLPHONES
Celular LG K8  2017,CELLPHONES
Apple iPhone 11 Pro 256gb Cuotas! Caja Sellada Gtia Oficial,CELLPHONES
Servicio Tecnico Smart Tv Led Lcd Lomas De Zamora,CELLPHONES
Celular Hello Kitty Kity Phone Mp3 Mp4 Model2 Camara Digital,CELLPHONES
Tv Sony Bravia 55  Led 4k Ultra Hd Kd-55x725f Garantía Ofici,CELLPHONES
Samsung Galaxy Tab 3 4g + Funda,CELLPHONES
Led Tv Telefunken 32 Pulgadas ,CELLPHONES
"Nextel I364 I364is Para Uso En Plantas De Electricidad 2,1",CELLPHONES
Celular Apple iPhone 7 32 Gb ,CELLPHONES
Smart Tv Samsung 65  Uhd 4k Ru7100,CELLPHONES
Celular Samsung J2,CELLPHONES
Celular  Quantum Dual G2 2 Lineas Activas Acepto Mercadopago,CELLPHONES
Televisor Lcd LG 42'' Pulgadas 42ld460,CELLPHONES
Nextel I833 Pini Pinifarina Pininfarina Refubrished New I836,CELLPHONES
Led Bgh,CELLPHONES
Tv Panasonic Smart 32,CELLPHONES
Smartphone Maxwest Nitro 55 Lte  Qc 1gb 8gb Doble Cam ,CELLPHONES
Tv Led Samsung 55' Curvo Ks 7500 Impecable,CELLPHONES
Tv Sanyo 32 32xh3 Sin Control Funcionando Línea En Pantalla,CELLPHONES
Samsung A70 D 128gb Poco Uso Vendo O Permuto Por Mayor Valor,CELLPHONES
Plasma Samsung 42 Pulgadas Para Reparar,CELLPHONES
Celular iPhone 11 Pro Max,CELLPHONES
Tablet Bangho Aero J0810. Incluye Funda Con Teclado,CELLPHONES
Celular Nextel I580 Amarillo Mp3 Mp4 Camara Prepago Nuevo,CELLPHONES
Tv Color De Tubo 21  Philips Sin Funcionar,CELLPHONES
Compro S9 Plus A 35mil,CELLPHONES
iPhone 11 Pro Max 256 Gb Verde Medianoche 4 Gb Ram,CELLPHONES
Celular Moto X 2° Generación  ( Para Reacondicionar ),CELLPHONES
Blackberry Z10 16gb C/caja Usada Estado 8p Solo P/personal,CELLPHONES
Motorola Xt910 Funcionando Libre,CELLPHONES
Tv Smart 65'' Uhd 4ksamsung 65ru7100gcdf Pantalla Rota,CELLPHONES
Samsung Galaxy A5  .6,CELLPHONES
Smart Tv,CELLPHONES
Tv Philips 29 Pulgadas (no Es Led) Pt544a/77b,CELLPHONES
Blackview Bv5000 Telefono Irrompible X Pedido Solo Encargue,CELLPHONES
Nextel Handy Radio I835 I830 Metalizado Mototalk Nuevo 0km,CELLPHONES
Celular Samsung Galaxy A70,CELLPHONES
Tv 29  Noblex Pantalla Plana Con Control Remoto,CELLPHONES
Samsung Galaxy A10 32 Gb Negro 2 Gb Ram,CELLPHONES
Xiaomi Redmi Note 8 Pro 64gb Nuevos En Cajas!,CELLPHONES
Televisor Color Crown Mustang 20 ,CELLPHONES
iPhone 6s En Perfectas Condiciones ,CELLPHONES
Smart Tv Led LG 86 Nano Cell Uhd 4k Hdr Ips En Stock Ya!!!!!,CELLPHONES
Celular Samsung A10s Nuevo En Caja,CELLPHONES
iPhone SE 32 Gb Perfecto Estado,CELLPHONES
Smart Tv Philips 5000 Series Full Hd 43  43pfg5813/77,CELLPHONES
Celular Sony Xperia Z2 Negro Android 4.4 13mp Full Hd 4g,CELLPHONES
Vendo O Permuto Samsung Galaxy S9+ 64 Gb ,CELLPHONES
Motorola Moto X 2a Gen Xt1097 32gb 4g 3g Bambu Edition Mp,CELLPHONES
Celular Moto Spice Teclado Qwerty Anda Watasp Android 2.1,CELLPHONES
Tv Philips Powervision Stereo 21 Y Control Remoto,CELLPHONES
iPhone 6 S 16 Gbusado Exc Estado,CELLPHONES
Tablet Sonim Ip67 Display De 4 Bateria Larga Duracion Mp4,CELLPHONES
Tv Lcd De 32 Noblex Para Reparar,CELLPHONES
iPhone 8 64 Gb Black (usado),CELLPHONES
Tv Color Tophouse 21 Pulgadas Con Mueble,CELLPHONES
Celular Samsung A 10,CELLPHONES
Tv Usado (en Buen Estado),CELLPHONES
Celular Sony Xperia Z5 Doble-sim E6683 32gb 4g Nuevo Mp3 Mp4,CELLPHONES
Celular Sony Ericsson T290,CELLPHONES
Celular Conquest S8 Ip68 Certificado Antena Larga Para Señal,CELLPHONES
Google Pixel 3xl 128,CELLPHONES
Samsung Galaxy Core,CELLPHONES
Vendo Samsung J7 2016 Impecable Como Nuevo,CELLPHONES
iPhone 11,CELLPHONES
iPhone 7 Plus Red 128gb,CELLPHONES
iPhone 11 Pro 64 Gb Gris Espacial 4 Gb Ram,CELLPHONES
Televisor Sony,CELLPHONES
Tv Sony 25 '',CELLPHONES
Smart Tv 50 Pulgadas 4k Android Cdh-le504ksmart20 Hitachi,CELLPHONES
Celular Blakberry  Curve Para Repuestos (cu3),CELLPHONES
Celular iPhone 8 Rose 256gb Gold Solo Es Encargue Leer Todo,CELLPHONES
iPhone X Negro Para Repuesto ,CELLPHONES
Televisores,CELLPHONES
Smart Tv Led 50'' 4k Bgh B5018uh6 Netflix Youtube ,CELLPHONES
 Nokia Lumnia 720 Funciona Todo  Pantalla Astillada,CELLPHONES
Televisor Portatil Vizio Vmb070 7 Pulgadas Usado!!,CELLPHONES
Sony Ericson 1 M,CELLPHONES
Tv De Colección Noblex,CELLPHONES
iPhone X,CELLPHONES
iPhone XR 64 Gb Coral Y Silver,CELLPHONES
Liquido iPhone 6s 64gb Batería 80%,CELLPHONES
Nextel I576 Gris Black Caja Original Es Goma Fuerte Resiste,CELLPHONES
Moto G Xt1032 ,CELLPHONES
Smart Tv Tcl S-series Hd 32  L32s6500,CELLPHONES
Celular Nextel I736 Orange Edicion Nascar 2004 Importado Usa,CELLPHONES
Samsung S9 64 Gb Liberado Reacondicionado Estado Impecable,CELLPHONES
Celular iPhone 6 S 64 Gb,CELLPHONES
Vendo O Permuto Celular Samsung A7,CELLPHONES
iPhone X 64 Gb Excelente,CELLPHONES
iPhone 8 64gb - Impecable - Color: Space Gray ,CELLPHONES
Led 40 Samsung Mod Un40f5000,CELLPHONES
Tv Philips 21' Flat Impecable. Muy Poco Uso.,CELLPHONES
Smart Tv Sansei 4k 55'' Tds2055uia Led Uhd Full,CELLPHONES
Celular Hyundai Energy Delgado Liviano En Caja Completo Mp4,CELLPHONES
Celular L5 Tcl,CELLPHONES
Dump Memoria Emerson Lc190em2,CELLPHONES
iPhone 7 128 Gb Usado.,CELLPHONES
Promo Nextel Motorola Kairos Prepago Libre Movistar Filma Hd,CELLPHONES
Samsung Galaxy S8 Plus Gold 64gb,CELLPHONES
Televisor 14  Audinac,CELLPHONES
Tv B/n Philips Hibrido A Reparar No Funciona Esta Completo ,CELLPHONES
Apple iPhone 5c Modelo A1532 Blanco Impecable Liberado,CELLPHONES
Samsung J3 2016 Nuevo Libre 8 Gb Se Expande A 64 Oferta!!!!,CELLPHONES
iPhone 6,CELLPHONES
Nokia 6131 Usado!!!,CELLPHONES
Vendo Celular Moto G5s Plus Impecable,CELLPHONES
Celular Samsung S9 Plus 64 Gb Con Fundas,CELLPHONES
Celular Samsung Galaxy J7 Prime 2018,CELLPHONES
Lg K5 Liberado Doble Sim Con Funda Liquida 2800,CELLPHONES
Dump Memoria Philips 40pfg5000/77,CELLPHONES
Tcl L10 32 Gb Negro Metálico 3 Gb Ram,CELLPHONES
Tv Bgh 32 Lcd Mod Ble3214d,CELLPHONES
iPhone 7 Plus 128gb ,CELLPHONES
Tv Sony 14 Pulgadas,CELLPHONES
Motorola Moto G6 32gb 3gb+ Envio Gratis ,CELLPHONES
Televisión  LG ,CELLPHONES
Samsung Core,CELLPHONES
Celular Nokia 1208 Personal ,CELLPHONES
Microsoft Surface Pro (cuotas Sin Intereses),CELLPHONES
Blackberry Nextel 8350i Nuevo Original En Caja Solo Radio,CELLPHONES
iPhone 7 32 Gb Nuevo Y Sellado,CELLPHONES
Nextel Motorola I576 Black Negro Films En Vidrio Sin Remover,CELLPHONES
Tv Sansei 29 Pulgadas,CELLPHONES
Xiaomi Mi 9 64gb 6gb Ram,CELLPHONES
Apple iPad Mini 16gb Nuevo Sin Uso Liquido !!!,CELLPHONES
Hisense Smart 48 Detalle Display Tecnogixer Tec Caballito,CELLPHONES
iPhone SE 64gb Restaurado En Caja Legal Original Liberado,CELLPHONES
Tablet Samsung Galaxy Tab-e Sm-t113,CELLPHONES
Huawei P30 Pro,CELLPHONES
Apple iPad Pro 9.7 32gb Wifi,CELLPHONES
 Tv Samsung 21  Televisor Slim Fit Easy View Pantalla Plana ,CELLPHONES
Huawei Gw (usado),CELLPHONES
Tv Samsung Un32j4001af,CELLPHONES
Motorola G7 Vendo/permuto,CELLPHONES
Motorola Moto Play X3 Libre De Fábrica Con Accesorios 21 Mx,CELLPHONES
Samsung Galaxy Note 5 Lte 4g 32gb 5.7' 32gb 4gb Envio Gratis,CELLPHONES
Celular Nextel I355 I355is Ruged Rugged Phone Mototalk Libre,CELLPHONES
Tablet  Noganet Nogapad 7g 7  16gb Negra Con Memoria Ram 1gb,CELLPHONES
Tv 21  Marca Hitachi,CELLPHONES
"Celular Xiaomi Mi 9t 64gb, 6gb Ram",CELLPHONES
Lenovo Z5 Pro Gt ,CELLPHONES
Apple iPhone 7 Plus Rose Gold 32gb,CELLPHONES
"Celular Nokia 106 , Radio, Linterna, Oferta !!!",CELLPHONES
Televisor Aoc 32  No Funciona El Encendido Lcd Tv - Samsung ,CELLPHONES
Apple iPad Air 128 Gb Silver  Wifi + Celular (modelo A1567),CELLPHONES
Televisor Samsung Con Falla De 40 Pulgadas,CELLPHONES
Apple iPhone 6s Plus,CELLPHONES
Samsung A7 2018,CELLPHONES
iPhone 7 256 Gb Oro Rosa 2 Gb Ram,CELLPHONES
Apple iPhone 11 Pro Max 256gb ,CELLPHONES
Tv Led Samsung 32 Pulgadas + Control Remoto,CELLPHONES
Celular Doble Sim 2 Lineas Nextel Movistar A La Ves Ver 4.8,CELLPHONES
Samsung Tab E,CELLPHONES
Moto X2 2da Gener 32 Gb! Lte 4g Para Movistar Edicion Bambo,CELLPHONES
Tv Tuvo 14'' Audinac Usado,CELLPHONES
Celular Nextel I325 I325is Handy Anti Explosivo Uso Militar,CELLPHONES
Tablet Samsung Tab 3,CELLPHONES
Nokia Lumia 520,CELLPHONES
Compro iPhone 7 Plus O Saamsung Note 8 O Xiaomi Mi9 Te Pro,CELLPHONES
Samsung Galaxy S10 Azul Prisma - 128 Gb - Ram 8gb,CELLPHONES
Televisor Hitachi De 21  Con Control Remoto,CELLPHONES
Smart Tv Jvc 55n750u  Pantalla Rota Leer,CELLPHONES
iPhone 7 256gb Usado Impecables,CELLPHONES
Alcatel One Touch Mini  Para Reparar,CELLPHONES
iPhone XR 64 Gb Coral 3 Gb Ram,CELLPHONES
Smart Tv Sanyo 43',CELLPHONES
Televisor Telefunken,CELLPHONES
Tv Smart Philips 42' Pulgadas Para Repuesto ,CELLPHONES
Celular Samsung S10 128 Gb Negro (excelente Estado) ,CELLPHONES
Samsung A20s  Nuevo Cerrado.. Garantía 12 Meses!!!,CELLPHONES
Samsung Galaxy Grand Prime G531m Liberado Leer,CELLPHONES
Celular Nextel I305handy Black Antiexplosivo Caja Original,CELLPHONES
Motorola Moto G G2 Xt1065 2da Generacion 8gb 7mp Hd Dual Sim,CELLPHONES
Samsung Galaxy A20s 32 Gb 3 Gb Ram Nuevo 1 Año Garantia,CELLPHONES
"Celular iPhone 7, 128gb , Jet Black ",CELLPHONES
Samsung Galaxy S2 Originl 16gb2 Gps 3g 12mp Azul Liberado,CELLPHONES
Tablet Fire 8 Hd 16 Gb.,CELLPHONES
Telefonos Nextel Celulares Todos Al Mismo Precio I296 Black,CELLPHONES
Samsung S8 Duos (doble Chip Libre De Fabrica) Pantalla Rota ,CELLPHONES
Celular Blackview Ip68 Indestructible Helio 16gm Rom Nuevo,CELLPHONES
iPhone 5s 16gb  Inmaculado,CELLPHONES
Tv 21  Panoramic Pantalla Plana,CELLPHONES
Televisor Pantalla Plana 29'',CELLPHONES
Televisores De Tubo Para Repuesto ,CELLPHONES
Sony Xperia Xa1 Ultra / Libre - Impecable - Sin Detalles,CELLPHONES
Nextel I835 Lila Pink Bordo I830 Libre Radio Llamada Sms 1.0,CELLPHONES
Tv Philips 14'',CELLPHONES
Tubos De Televisores Usados Ok,CELLPHONES
Celular Apple iPhone 6 32gb Space Grey - Usado,CELLPHONES
Flex Y Camara Tablet Next N1002 N1002g -,CELLPHONES
Tv Panel Oled Sony 11  Xel-1 Primer Display Oled Mundial,CELLPHONES
"Sanyo 27' - Sistema Pal-n/m,ntsc. Funcionando",CELLPHONES
Samsung A50,CELLPHONES
Celular Motorola Moto G6 Plus Xt1926 64gb Liberado Nuevo,CELLPHONES
Tablet Samsung Galaxy Tab 4 Negra 8gb,CELLPHONES
Celular Nextel I9 Mp3 Mototalk Camara Usado Estado 7.8p Azul,CELLPHONES
Celular Waterproof 3g Doblesim 8core 2gb Ram 16gb Rom Verde,CELLPHONES
"Televisor Jvc  21'   Para Repuesto O Arreglarlo, No Prende",CELLPHONES
iPhone Se 32 Gb Oro Rosa 2 Gb Ram,CELLPHONES
Samsung Galaxy Galaxy S6 Edge+ Libre 4g Pantalla 5.7 Black,CELLPHONES
iPhone 6s,CELLPHONES
"Xiaomi Mi Mix 2 6+64 Black ,  Funda Original, Sin Uso",CELLPHONES
Celular Samsung Note 5 Liberado Libre Todas Entrega Capital,CELLPHONES
Tv Led Lg 32,CELLPHONES
Tableta Amazon Fire De 7 Pulgadas,CELLPHONES
iPhone 5s 16gb Para Repuesto. Leer Descripcion.,CELLPHONES
Celular iPhone 5 32gb 4g Exelente Estado 8.6p Liberado Full,CELLPHONES
Xiaomi Redmi Note 8 64gb,CELLPHONES
Motorola Moto X X2 Pure Stylus 32gb 4g Camara 21mp Xt1572,CELLPHONES
Celular Nextel Edicion Limitada I730 Naranja Color Naranjado,CELLPHONES
Celular Motorola Razr Xt911 Brown Libre Nuevo Restaurado,CELLPHONES
Televisor Sony 29 Tinitron Funciona Con Control Remoto,CELLPHONES
Motorola Nextel Iron Rock. Última Versión,CELLPHONES
 Smart Tv Led Rca 4k 55  Android Hdr Plus Comando Por Voz,CELLPHONES
Celular Motorola Startac 7867w,CELLPHONES
Blackberry Z10 16gb C/caja En Estado 9 Para Chip Movistar,CELLPHONES
Motorola Moto G7 Power 32gb Celular Liberado Nuevo Cuotas,CELLPHONES
Celular Nokia 106 Importante Descuento Segun Forma De Pago!,CELLPHONES
Celular Moto G4 16gb 2gb Ram Snapdragon Pantalla Fantasma,CELLPHONES
iPhone 7 Silver Usado 32gb,CELLPHONES
Nokia Lumia 720 Para Movistar,CELLPHONES
Samsung Galaxy S7 Muy Bueno Gold Liberado,CELLPHONES
Celular Samsung Galaxy A30 ,CELLPHONES
iPhone 5c Color Amarillo,CELLPHONES
Nextel Iron Rock Xt626 Ultimo Soft 404 Sms Ok New Doble Sim,CELLPHONES
Celular Samsung Gt-s5230,CELLPHONES
Celular Repuestos Motorola Moto G6 / Liberado / Roto Mojado ,CELLPHONES
Tablet Samsung Galaxy E 9.6  Sm-t560nu. Cómo Nueva!!!,CELLPHONES
Smart Tv LG 43 Full Hd 43lk5700 Hdr Hdmi Netflix Youtube ,CELLPHONES
Reparacion/firmware Ilo Ldh32ilo4 Reinicio/bloqueo ,CELLPHONES
Tv Noblex 16 Pulgadas Funcionando.,CELLPHONES
Tv Color Phillips 29  Real Flat. Excelente Estado C/control,CELLPHONES
iPhone SE 16 Gb,CELLPHONES
Samsung Galaxy Fold / 512 Mb / Libre Cualquier Telefónica ,CELLPHONES
"Celular Moto Z Play Con Cargador Origina, Excelente Estado!",CELLPHONES
iPhone 8 Plus 128 Gb En Caja Sellada + Templado ¡ En Oferta!,CELLPHONES
Motorola Nextel I9 Sature Ferrari Film En Vidrio Sin Remover,CELLPHONES
iPhone 7 Plus,CELLPHONES
iPhone 6s - 16gb - Space Gray ,CELLPHONES
Celular Nextel I580 Brute Nuevo En Caja 0km Sin Uso Nextel,CELLPHONES
Tv Philips Cineos 32 Usado,CELLPHONES
Reparacion/firmware  Philco Pld4234fi Reinicio/bloqueo,CELLPHONES
Celular Blacberry,CELLPHONES
Tv Usada Hd Led A Reparar,CELLPHONES
iPhone 6 - 16gb Usado,CELLPHONES
Samsung,CELLPHONES
Televisor 21 Cce,CELLPHONES
"Aircube, Ac",CELLPHONES
"Tablet Exo Wave I007b 7  - Impecable, Igual A Nueva!",CELLPHONES
iPhone 4 S En Caja Libre De Fabrica,CELLPHONES
Lote De Equipos Motorola 15 Equipos Moto G4 Libre,CELLPHONES
Celular Motorola C115 Para Cti Claro,CELLPHONES
Sony Xperia Xz2 ,CELLPHONES
Celular Nextel I867 Black En Caja Solo Para Uso De Radio,CELLPHONES
Sony Trinitron 21,CELLPHONES
Televisor 21 Pulgadas Tonomac,CELLPHONES
Samsung S8,CELLPHONES
Tv Philips 14,CELLPHONES
Repuestos De Tv Led 32,CELLPHONES
Celular Nextel I867 Ferrari Rojo Edicion Limitada Android 2,CELLPHONES
Celular Samsung J2 Prime,CELLPHONES
Huawei Mate 10 Pro,CELLPHONES
Celular iPhone 6s,CELLPHONES
Celular Quantum Dual E Mp3 Doble-sim Anda Watasp Nuevo,CELLPHONES
Nextel Equipos Libres Prepagos I730 Gris I760 I290 I296 I418,CELLPHONES
Samsung A10! Equipos Nuevos Y Libres!Envío Gratis...,CELLPHONES
Moto G5 32gb,CELLPHONES
Tv Samsung 32 Cambio De Leds Escucha No Se Ve Reparo Gtia!,CELLPHONES
Televisor 21 Pulgadas Hitachi,CELLPHONES
Celular Galaxy S8 64gb Negro,CELLPHONES
Celular Kodak Smartway T1 ,CELLPHONES
Nextel I833 Pininfarina 2da Edic.reacondicionado Film Vidrio,CELLPHONES
iPhone 7 Rose Como Nuevo Con Caja Mas 3 Fundas Originales,CELLPHONES
Celular Samsung Galaxi J2 Prime,CELLPHONES
Tablet Samsung,CELLPHONES
iPhone 6s Plus 64 Gb Oro 2 Gb Ram,CELLPHONES
"Tv Philips Modelo : 21pt5425,pantalla Plana , Control Remoto",CELLPHONES
Televisor Noblex 65  Di65x6500 4k Smtv,CELLPHONES
Blackberry 9300 Movistar,CELLPHONES
Tv Philips 21 Usado Funcionando ,CELLPHONES
Tv Talen Ranser Revestido En Cuero Funciona ,CELLPHONES
Tv Sony 21  Pulgadas Con Control Y Radio Fm,CELLPHONES
iPhone 7 Plus 32g,CELLPHONES
Celular Motorola Moto E 8gb Esta Sin Detalles Sin Marcas,CELLPHONES
"iPhone 6 Gold, Liberado 16gb Excelente Estado",CELLPHONES
Televisor Tv Noblex Con Control Remoto,CELLPHONES
Smart Tv LG Full Hd 43  43lk5700,CELLPHONES
Tablet Level Up Transformers Android Bluetooth 7  Cuotas,CELLPHONES
Celular Nextel I876 Telus Canada En Caja Original Ver#4,CELLPHONES
Celular Samsung Galaxy S8 Plus Reacondicionado,CELLPHONES
"Pantalla Lcd 49 Pulgadas,",CELLPHONES
Televisor Crown Mustang 21 ' Pulgadas,CELLPHONES
Televisor De 21 Pulgadas Top House ,CELLPHONES
Smart Tv Tcl 40  L40s6500 Full Hd Android 4386,CELLPHONES
Televisor Philips Real Flat 21,CELLPHONES
Celular Quantum Nuevo Oem Pantalla De 4 Pulgadas 2 Lineas,CELLPHONES
Televisor A Color Sanyo,CELLPHONES
Celular Samsung Galaxy J7 2016,CELLPHONES
Samsung Galaxy A30s 64 Gb 4 Gb Ram,CELLPHONES
iPhone 5c,CELLPHONES
Motorola C Plus,CELLPHONES
Smart Tv 55 4k Rca X55andtv Uhd Android Youtube Netflix,CELLPHONES
iPhone SE Gold 64 Gb,CELLPHONES
iPad 16 Gb + Funda Original De Apple,CELLPHONES
Celular Samsung Galaxy S7 Edge 32 Gb (extendible) Gold Rose,CELLPHONES
iPhone 6s,CELLPHONES
Celular iPhone 7 Plus Blanco 128gb Nuevo En Caja Es Encargue,CELLPHONES
iPhone 5s - Leer Descripción,CELLPHONES
iPhone X 64 Gb Gris Espacial 3 Gb Ram,CELLPHONES
Tablet 7  Para Reparar,CELLPHONES
Nextel I835 Ver2 En Blister Cerrado Sin Uso Nuevo 0km Negro,CELLPHONES
iPhone 7 Plus,CELLPHONES
Samnsung J4 32gb,CELLPHONES
Tv Sony X850d 55  Hdr 4k,CELLPHONES
Celular iPhone XR 128gb Negro Nuevo Sellado De Fabrica,CELLPHONES
iPhone 8 64gb,CELLPHONES
iPhone 7 Plus 128 Gb Nuevo!!! Local!!! Leer!!!,CELLPHONES
Celular Moto E E2 8gb San Telmo Mercado Pago Envios Movistar,CELLPHONES
Televisor,CELLPHONES
Vende Cellular Samsung,CELLPHONES
Celular Samsung Galaxy S7 Edge,CELLPHONES
Celular Nextel Titanium Android 2.1 No Funciona Whatsapp Msg,CELLPHONES
iPhone 6s 16gb Usado,CELLPHONES
iPad Pro 10.5  64gb - Space Grey + Apple Pencil + Fundas,CELLPHONES
iPhone X 256 Gb Oportunidad Única !!!,CELLPHONES
Samsung J8 (perfecto),CELLPHONES
Celular Nextel I940 Touch Screen En Caja Anda Twitter Y Mp4,CELLPHONES
Samsung S7 30% Off,CELLPHONES
Lote Celulares Motorola Tdma/cdma/gsm P/ Repuestos/coleccion,CELLPHONES
Lg Flex 1 Lgl23 D950 Pantalla Curva 32gb 2gb Ram Quadcom Ver,CELLPHONES
iPhone 8 64 Gb Gris Espacial 2 Gb Ram,CELLPHONES
Nextel Boost I832 Limited Edition Color Brillante Yellow,CELLPHONES
Led Tv Philips Modelo 40pfg5000/77 Roto Para Respuestos,CELLPHONES
Celular Nextel I325 I325is Instrictramente Seguro Nuevo 0km,CELLPHONES
Tv Rca L32e320,CELLPHONES
Nextel Iden I867 Ferrari Edition Nuevo En Caja 0km Sin Uso,CELLPHONES
Nextel Motorola I776 Lee Bien Antes De Ofertar,CELLPHONES
"Tablet Amazon Fire7, 16 Gb, Nuevas!",CELLPHONES
Motorola Moto X Bamboo Moto X Xt1058 Madera Bambu Negro Ok,CELLPHONES
Tv Samsung 29,CELLPHONES
Tv.32 Full Hd Jvc,CELLPHONES
Tv Philips 29  Modelo 29pt461a,CELLPHONES
Blackview Bv8800 Helio 64gb Nuevo En Caja Modelo Que Anda 4g,CELLPHONES
Celular Samsung J6 Dorado Libre,CELLPHONES
Celular iPhone 7 Plus,CELLPHONES
Celular Blackberry 8300 +bateria+cargador Funciona Movistar,CELLPHONES
iPhone X 64gb Usado,CELLPHONES
Celular Alcatel 10.50d One Touch Básico Con Teclas Y Cámara ,CELLPHONES
Lg G3 D855ar Titanium,CELLPHONES
Sonim Xp7700 Xp7 Rugged Military Celular Antiexplosivo Nuevo,CELLPHONES
Samsung Galaxy S20+ Plus Libre ¡leer!,CELLPHONES
iPhone 4 32gb,CELLPHONES
Tv Led Hitachi Cdh-le32smart14 Se Escucha No Se Ve Reparo,CELLPHONES
Smart Tv Noblex 50  3d (funciona Perfecto),CELLPHONES
Smart Tv 55 4k Rca X55andtv Uhd Android Youtube Netflix,CELLPHONES
Televisor Noblex 21  Con Mesa,CELLPHONES
Tablet Waterproof Ip68 Anti Golpes Y Agua Modelo4 Naranja,CELLPHONES
Celular Galaxy A6+ Vendo/permuto Menor Valor Y Plata,CELLPHONES
iPhone XS Max 256gb Gold,CELLPHONES
Motorola Moto G6 Plus Xt1926 4gb Ram 64gb Almac Sellados,CELLPHONES
LG G3 D855 Titanium 4g Lte  3ram Y 32romcam 13mp Hd 4k Libre,CELLPHONES
Samsung Galaxy J8,CELLPHONES
Samsung A70 ,CELLPHONES
Tv Sony Hd + Apple Tv 3 Gen,CELLPHONES
iPad 3 Apple,CELLPHONES
Xiaomi Redmi Note 8 Pro 64gb Dual Sim 1 Año Garantia Colores,CELLPHONES
iPhone 5s Vendo Permuto,CELLPHONES
iPhone X 64 Gb Space Gray,CELLPHONES
 Smart Tv Philips 32plf4508g/77 Pantalla Rota,CELLPHONES
iPhone 6s 16 Gb + Funda + Cable Cargador,CELLPHONES
Celulares Liberados,CELLPHONES
Alcatel 1 16 Gb 1 Gb Ram Negro Nuevo Liberado,CELLPHONES
Celular Waterproof 3g Doble Sim 4core 8gb Nuevo En Caja,CELLPHONES
Televisor Antiguo Doble A Vintage Para Decoracion!!!,CELLPHONES
iPad 2,CELLPHONES
Celular Nextel I856 Usado Audio Mp3 Full Estereo Mp4 Camara,CELLPHONES
Tablet Android Gadnic 7 16gb 1gb,CELLPHONES
Celular Nextel I940 Mp3 Mp4 Liviano Tactil Inmaculado Ver2.1,CELLPHONES
Led Tv Telefunken 28,CELLPHONES
LG Kite ,CELLPHONES
Blackberry Nextel Curve Color Black Usada Estado 8.9p Mp3,CELLPHONES
Celular Nextel I560 Rojo Red Libre Films En Vidrio Liberado,CELLPHONES
iPhone 4s 16gb Negro Y Blanco,CELLPHONES
Motorola I880 A Cambiar Flex,CELLPHONES
Celular Nextel I355 I355is Anti Explosivo Films En Vidrios,CELLPHONES
Nextel Motorola Xt626 Iron Rock Android 4.03 Azul Nuevo,CELLPHONES
Tv Audinac - Television - Funciona,CELLPHONES
iPhone 7 32gb,CELLPHONES
iPhone 8 Plus 256gb Pink Gold Muy Buen Estado.,CELLPHONES
Nexus 5,CELLPHONES
Celular Nextel I365 I365is Para Refineria Texaco De Lomas,CELLPHONES
Moto G3 Libre Para Cualquier Compañía,CELLPHONES
Vendo Tv Admiral De 29 ,CELLPHONES
Celular Blackberry Z10 Smartphone Stl100-1rapida Movistar,CELLPHONES
Tablet Samsung Tab 3 Como Nueva,CELLPHONES
iPhone 6s Plus 64gb Libre Garantía Oferta,CELLPHONES
Samsung J1 Ace (j111m) Bueno Blanco Movistar,CELLPHONES
Samsung Galaxy J5 Prime 16gb Negro 2gb Ram,CELLPHONES
Tv Samsung Smart 40' Ultra Hd 4k Impecable! Muy Poco Uso ,CELLPHONES
Televisor,CELLPHONES
Celular iPhone SE 64gb Rosado Libre De Fabrica Pantalla 4.5,CELLPHONES
LG  Lote De Celulares Permuto Por Un Smartphone,CELLPHONES
Tv 20 Pulgadas Usado Con Control Remoto Nuevo,CELLPHONES
Nextel I290,CELLPHONES
Talent Tablet 7  Urban S7 Negra Repuesto,CELLPHONES
Tv Sanyo C29fs51,CELLPHONES
Telefono Celular Samsung A8s 128gb,CELLPHONES
Tv Sony Wega Trinitron Pantalla Plana 21 Pulgadas Kv-21fs140,CELLPHONES
LG V30 Thinq ,CELLPHONES
Televisor Phillips 29 Pulgadas Con Control Remoto,CELLPHONES
iPhone 8 Plus 64 Giga,CELLPHONES
iPhone XS Max Como Nuevo En Caja (permuta),CELLPHONES
iPhone 8 Plus 256 Gb.,CELLPHONES
Huawei Y600 Para Personal,CELLPHONES
Samsung Galaxy S10 128gb Negro,CELLPHONES
Tv Led 43 4k Daewoo Uhd,CELLPHONES
Tv Samsung,CELLPHONES
iPhone 7 Plus,CELLPHONES
Samsung S7 Edge Para Repuesto,CELLPHONES
LG G4- Nuevo Con Garantia,CELLPHONES
Antiguo Televisor Noblex Micro 12 Solid State Anda Perfecto,CELLPHONES
Celular LG Optimus G 1 G1 E987 Quadcore Wifi Whatsap Libre,CELLPHONES
Samsung Galaxy S8 64 Gb Negro,CELLPHONES
Tablet Lenovo Yoga 10,CELLPHONES
iPhone 7 Plus,CELLPHONES
LG Q6 32gb 3 De Ram,CELLPHONES
Celular S7 Edge Funcionando Perfecto!! 32 Gb / Dorado,CELLPHONES
iPhone 5s,CELLPHONES
Samsung Galaxy S7 Edge,CELLPHONES
iPhone SE Apple 32 Gb  2gb Ram Silver Bateria 74% No Permuto,CELLPHONES
Samsung S8 Plus,CELLPHONES
Blackview Bv8000p 4206mah 4g Android 7 8core 64gb Encargue,CELLPHONES
Vendo iPhone 6s Plus 32gb,CELLPHONES
iPhone XR De 64gb Blanco En Caja Completo,CELLPHONES
Vendo Tele  Marca Firstline ,CELLPHONES
iPhone 7 Black De 128 Gb Impecable Estado.,CELLPHONES
iPhone 11,CELLPHONES
Televisor 14 Pulgadas Usado,CELLPHONES
Celular Samsumg S8 Plus,CELLPHONES
Tablet Proton X-view De 10'pulgadas ,CELLPHONES
Tv Lcd 26pulgadas Samsung En Muy Buen Estado!,CELLPHONES
Tv Led Noblex 24',CELLPHONES
iPhone 7 32gb Completo En Caja - Leather Case Original,CELLPHONES
Nextel Iden I576 Mini I570 Nuevo En Caja Mini Brute Version5,CELLPHONES
Televisor Philips 29 Pulgadas,CELLPHONES
Televisor Sanyo Multipip 33,CELLPHONES
Celular Nextel I562 Rojo Plastico Film En Vidrio Sin Remover,CELLPHONES
Tv Admira 29 Pulgadas Pantalla Plana ( Dentro Es Samsung),CELLPHONES
Nextel Radio Handy I412 Chiquito Y Comodo Flip Tapa 0km New,CELLPHONES
"Tablet Pcbox Pcb-t103 Curi 10,1  16gb  1gb Ram",CELLPHONES
iPhone 11 (64 Gb) - Blanco - Caja Sellada - Importado De Usa,CELLPHONES
Tv Led Sharp Aquos 75 4k Smart Tv Ultra Hd En Stock Ya!!!,CELLPHONES
Samsung Galaxy A10 32 Gb Negro 2 Gb Ram,CELLPHONES
Samsung Sgh F480,CELLPHONES
Tv. Rca Smart Led 48  Pulgadas,CELLPHONES
"Samsung Galaxy A10s 32gb, 2ram 6.2 Dual Sim 13mpx 4000mah 4g",CELLPHONES
Mini iPad,CELLPHONES
Tv Smart 39 Rca,CELLPHONES
Televisor Bgh Fellnology 21´´,CELLPHONES
iPhone 5c 8gb Permuto,CELLPHONES
Radio Nextel I365is Handy Ip68 Etiqueta Verde Fm Aproved 2.1,CELLPHONES
Tv Led Smart LG 42 Pulgadas 42ln5700 Impecable!,CELLPHONES
Nextel Equipo Libre Prepago I532 Green I568 Negro Libre,CELLPHONES
Nextel Ironrock Xt626 Doble Sim Fondo Azul Libre Android 402,CELLPHONES
Samsung Galaxi S8 Plus ,CELLPHONES
Celular Nextel Ironrock Color Violeta Version6 Modelo Xt626,CELLPHONES
Televisor Led 24 Pulgadas En Excelente Estado Marca Philiip ,CELLPHONES
Smart Tv Led 43 Full Hd Telefunken Tk4319fk5 Nuevo!,CELLPHONES
Tablet Lenovo,CELLPHONES
Smart Tv Philips 6000 Series 4k 55  55pug6703/77,CELLPHONES
Celular Nextel I897 Edicion Ferrari Y Caja Libre Black Negro,CELLPHONES
iPhone 7 Plus 32 Gb Negro Mate 3 Gb Ram,CELLPHONES
Samsung S4 ,CELLPHONES
Celular Motorola Moto X X2 32gb 4g Android 6 Edicion Bambu,CELLPHONES
Motorola Nextel I867 Ferrari En Caja Original Completo Full,CELLPHONES
iPhone 11,CELLPHONES
Nextel I867 Pantalla Touch Black No Anda Watsap Es Old Vers,CELLPHONES
iPhone 6s 64gb Bateria 100%,CELLPHONES
.caja De Apple iPhone 6 Plus De 64 Gb ,CELLPHONES
Nextel I580 Amarllo Yellow Para Uso En Obras De Construccion,CELLPHONES
Apple iPhone 8 64gb Gold,CELLPHONES
Nextel I560 Inmaculado Amarillo Libre Radio Llam Sms Envios,CELLPHONES
iPad Pro 2019 1tb A1895 Wifi+celular,CELLPHONES
 Samsung A50 ,CELLPHONES
iPhone 6s 64gb Libre De Fabrica,CELLPHONES
Nokia 302,CELLPHONES
Tv LG 37 Pulgadas Full Hd ,CELLPHONES
Nextel Iden I833 Usado Usuarios Lineas Nuevas Nextel I836,CELLPHONES
Nextel I465 .,CELLPHONES
Celular Discovery Land Rover V8 Para Usar En Refinerias,CELLPHONES
Celular Sony Xperia M2 4 Core Sumergible Al Agua Unico 0km,CELLPHONES
Microsoft Surface Pro 3 I7 8gb Ram 256 Ssd Impecable! ,CELLPHONES
Smart Tv 40  ,CELLPHONES
Celular Nextel I9 Mp3 Estado 8.9p Fusion De I830 Y I850 Mp3,CELLPHONES
R E M A T O Hoy Google Pixel 3 Ram 4 Y 64 Gb Negro New 2019 ,CELLPHONES
"I Phone 8 Plus , 256 Gb, Space Gray , Con Caja Original !!!",CELLPHONES
iPhone 6 En Perfecto Estado !!,CELLPHONES
Tv LG 32  Con Control Original Como Nueva Sin Detalles,CELLPHONES
Tv Led 43 Pulgadas Bgh ,CELLPHONES
iPhone 5c 16 Gb Libre Fábrica E Icloud  Con Caja Acces Carg,CELLPHONES
Samsung A5,CELLPHONES
Tv Philips 20 Powervision ( Leer Detalle ),CELLPHONES
iPhone 6  Silver  64 Gb Exelente Estado,CELLPHONES
Nextel Iden I720 Edicion Especial Serie De Coleccion Red Mod,CELLPHONES
Televisor Sharp 20,CELLPHONES
Xiaomi Mi8 Black 6gb+64gb Con Funda Regalo Glassprotector 9h,CELLPHONES
Celular Discovery Land Rover V8 Anti-explosivo Refineria New,CELLPHONES
Celular Libre LG K50s Black,CELLPHONES
Celular Samsung S6 Para Repuesto ,CELLPHONES
Celular Nextel I560 Rojo Red Libre Films En Vidrio Liberado,CELLPHONES
Celular iPhone 6 34 Gb,CELLPHONES
iPhone 7 32 Gb Oro Rosa 2 Gb Ram,CELLPHONES
Celular Sony Xperia L,CELLPHONES
iPhone 7 Plus 32gb Negro Mate Liberado!,CELLPHONES
iPhone 4s,CELLPHONES
iPhone 7 Desbloqueado 32gb. Impecable,CELLPHONES
iPhone 7 Solo Wifi,CELLPHONES
Nextel I580 Gris Black Usado Caja Full Con Holder Rugged,CELLPHONES
Celular S9 Impecable A Datos Y Wifi Vendo Negro O Cambio ,CELLPHONES
Celular Nokia 635,CELLPHONES
Tablet Samsung Tab-e 9.6',CELLPHONES
Nextel I265 El Recistente A Todo Ip68 Nuevo En Caja 0km,CELLPHONES
LG C9 65 4k Smart Oled Tv - Wecase Palermo,CELLPHONES
Parlante Lg Con Blu Tu Ucv Nuevo En Caja,CELLPHONES
Celulares Nextel Equipos Libre I298 Para Usar Con Prepago,CELLPHONES
Celular Samsung Galaxy A20 32gb - Ram 3 Gb - Nuevo 2020,CELLPHONES
Led De 32marca Philco Impecable Con Entrada Hdmi,CELLPHONES
Celular Samsung Galaxy S4 Mini 8 Gb - Usado,CELLPHONES
Televisor 29 Pulgadas -vendido,CELLPHONES
Celular Moto X Modelo Xt1058 4g Lte - Usado,CELLPHONES
Smart Tv Hitachi 49  Fhd- Casa Carrara,CELLPHONES
iPhone 6 Plus Dorado  16 Gb Igual A Nuevo Ni Un Detalle,CELLPHONES
Tv Ken Brown Modelo  Kb-2122st Sin Control Remoto ,CELLPHONES
Samsung S8 Plus De 64 Gb Libre,CELLPHONES
Samsung Galaxy Note 10,CELLPHONES
Huawei Honor 8x Libre O Permuto ,CELLPHONES
Sansumg S8 ,CELLPHONES
Celular Samsung A 7 Ó A 720,CELLPHONES
Tv LG 42 + Brazo Para Pared,CELLPHONES
Televisor Samsung 29 Pulgadas Plano Tubo Slim Impecable !!!,CELLPHONES
iPhone 2g Reliquia,CELLPHONES
Samsung A 20,CELLPHONES
Tv Philips 26 Con Soporte Para Pared.,CELLPHONES
Tv Pantalla Plana (firstline 29 Pulgadas)  Excelente Estado.,CELLPHONES
Televisor Sony,CELLPHONES
Celular Quantum E Dual Sim Doble Chip Si Anda Watasp Nuevo,CELLPHONES
iPhone 7 Rosa 32 Gb Buenas Condiciones! Libre,CELLPHONES
Nextel I275 I265 El Mas Recistente De Todos Prepago Nuevo 0k,CELLPHONES
Alcatel Idol 2 Mini Problema De Inicio ,CELLPHONES
Tv Sony Trinitron 21´ Oferta,CELLPHONES
Celular Samsung A50 64gb Azul,CELLPHONES
Tablet  Pcbox Kova Pcb-t730 7  8gb Negra Con Memoria Ram 1gb,CELLPHONES
Blackberry Nextel 8350i Original En Caja Importada 8350 V5.0,CELLPHONES
iPhone 6s 16g El Mejor Gris,CELLPHONES
Celular Motorola E6 Plus Zafiro Liberado Xt2025-1 4gb|64gb,CELLPHONES
Televisor Philco 32'',CELLPHONES
Blackberry Z10 Os 10 3g Wifi 1.5ghz 8mp Gps Video Hd 3g 850,CELLPHONES
Tv 21  Flat Philips ,CELLPHONES
Televisor Tcl,CELLPHONES
 LG L80 Dual D375ar Respuestos,CELLPHONES
Tablet Pc 3g Gadnic Android 4k Gamer Celular Dual 2gb 32gb ,CELLPHONES
Tv Led Top House  Pantalla Se Ve Por La Mitad,CELLPHONES
Nextel Motorola Iron Rock Xt626 Color Marron Version 456 Mp3,CELLPHONES
Celular iPhone 6,CELLPHONES
iPhone 6 64 Gb,CELLPHONES
Celular Hyundai Ultra Live 64gb Memoria 3gb De Ram 4g In Box,CELLPHONES
Apple iPhone 8 256gb Original Caja Sellada Gtia Oficial,CELLPHONES
Alcatel Pixi 4 (6) 3g Dual Sim 8 Gb Negro Volcán 1 Gb Ram,CELLPHONES
Smart Tv 49 LG 49lj5500 Web Os 3.5 Full Hd Hdmi Usb Netflix,CELLPHONES
iPhone 6s 16gb Space Grey Sin Detalles,CELLPHONES
Samsung J7 2016 Blanco ,CELLPHONES
iPhone 7 - 32 Gb,CELLPHONES
Celular Iden Nextel I1 En Caja Legal Usado Android 1.0 Wifii,CELLPHONES
iPad 7th Generation / Wi-fi / 128gb / Space Gray ,CELLPHONES
Celular Nextel I867w White En Caja Version 2.2 No Anda Watsa,CELLPHONES
Celular Motorola Moto E4 Plus Azul Nuevo Eom Liberado 4g,CELLPHONES
iPhone 6s 16gb ,CELLPHONES
Xiaomi Redmi Note 7 (48 Mpx) Dual Sim 128 Gb Space Black 4 G,CELLPHONES
Smart Tv Led Samsung 32 Pulgadas 32j4290 Hd Hdmi Usb Tda,CELLPHONES
Celular Samsung Galaxy S8+ Negro,CELLPHONES
Tablet Ken Brown Pantalla Rota,CELLPHONES
Xiaomi Mi A2 De 4/64gb ,CELLPHONES
Celular Nextel I325 I325is Handy Anti Explosivo Sin Bateria,CELLPHONES
Tv 32 Pulgadas Philips Liquido Oferten Abajo,CELLPHONES
Samsung Core Plus!! Leer Descripcion,CELLPHONES
Televisor Itt Dream Color,CELLPHONES
Tv  29 Philips Control Remoto. Como Nuevo. Excelente Estado,CELLPHONES
Celular Motorola Ironk Unico Modelo Para Usar Watsap Nextel,CELLPHONES
Celular Microsoft Lumia 640 Lte,CELLPHONES
iPhone 6s Apple 4g Libre Sellado (a Pedido) (16 Gb),CELLPHONES
"Nextel Titanium En Caja Original Completo Libre Version 2,2",CELLPHONES
Televisor Philco Trc 20 ,CELLPHONES
Celular Moto X Play Color Negro Para Compañia Personal.,CELLPHONES
Tablet 10 Pulgadas Philco 16gb Rígido Bluetooth Quad Core Sd,CELLPHONES
Smart Tv Hitachi 4k 50  Cdh-le504ksmart18,CELLPHONES
Celular Moto Motorola X4 Xt1900 32gb 3gb Negro Beiro Hogar,CELLPHONES
Tv Lcd Sony Klv-46w300a (leer Descripción),CELLPHONES
Nextel I580 De Goma Super Resistente Rugged Military Phone,CELLPHONES
Televisor LG 43 Pulgadas Para Repuesto,CELLPHONES
iPhone 8 Plus 128gb,CELLPHONES
Led LG 86 Super Ultra Hd 4k Smart Tv Garantia En Stock Ya!!!,CELLPHONES
Celular Galaxi S 7 Modulo Roto No Funciona ,CELLPHONES
Smarth Tv Samsung 32' Impecable ,CELLPHONES
Blu .. Negro Nuevo 6 Meses De Uso,CELLPHONES
iPhone 7 32gb | Impecable!!! Negociable,CELLPHONES
Moto G7 Power Dual Sim 64 Gb Marine Blue 4 Gb Ram,CELLPHONES
Motorola Moto G6 Plus,CELLPHONES
Celular Nextel I764 Especial Edition I760w Violeta Y Celeste,CELLPHONES
Tv Lcd Samsung P2470hn Hdmi 24 Pulgadas,CELLPHONES
Samsung Galaxy A20s 2019 Huella 3gb Ram 32 Gb Libres  Grtia,CELLPHONES
Motorola G5s Plus,CELLPHONES
"Tv Daenyx, Funcionando Nítidos Colores Con Control Remoto",CELLPHONES
Televisor Samsung Smart Tv 32 Pulgadas,CELLPHONES
Tv 29 Pulgadas Admiral,CELLPHONES
Tv 20 Con Soporte Pared Y Control ,CELLPHONES
Samsung Galaxy A70 128 Gb Blanco 6 Gb Ram,CELLPHONES
Samsung Smart Tv Un48ju6700 Pantalla Azul,CELLPHONES
LG Leon. Como Nuevo,CELLPHONES
Celular Dualsim Nextel Movistar Ver 512 Motorola Xt626 Iron,CELLPHONES
Televisor Portatil ,CELLPHONES
Tablet 7  Marca Pc BoxUsado En Muy Buen EstadoSin Cargador,CELLPHONES
Tv Led Philips Series 4000 50 ,CELLPHONES
LG Joy H221ar. Vendo Para Repuestos,CELLPHONES
Televisor Hisense 43  Hss H4318fh5 Fhd Smart Envíos Gratis,CELLPHONES
LG K8 Muy Bueno Azul Para Claro Con Garantia,CELLPHONES
Reparacion Samsung Huawei Blu Xiaomi Carga Touch Placa Audio,CELLPHONES
Tv Led 43 Smart Hisense 43 H4318fh5 ,CELLPHONES
Tv Philco 29 Pulgadas P Plana,CELLPHONES
Tv 29 Marca LG - Funciona Perfecto !! Permuto !!,CELLPHONES
Celular Nextel I776w El Mas Chico - Comodo Para Llevar Lila,CELLPHONES
iPhone 4g 16gb Libre Importado Miami,CELLPHONES
LG K10 Como Nuevo Libre,CELLPHONES
iPhone 4s Usado,CELLPHONES
Sony Kdl40ex655 Parlantes-receptor Remoto-,CELLPHONES
Tv Makrosonic Mj3500 5  Exelente Estado,CELLPHONES
Nextel Motorola Xt-626 I-rock Xt 626 Xt626 En Caja Original,CELLPHONES
Tablet Asus Nexus A Reparar,CELLPHONES
Celular Iphon 5 Black,CELLPHONES
Motorola Kairos Xt627 Para Repuestos,CELLPHONES
Celular Nextel I890 Usado Buen Estado Legal Version 3.3,CELLPHONES
"Samsung Omnia 1, Nuevo, Caja",CELLPHONES
Smart Tv Hitachi 32  Cdh-le32smart10 Falla En La Pantalla ,CELLPHONES
Smart Tv Samsung,CELLPHONES
Motorola Spice Key Para Repuesto O Reparación,CELLPHONES
Nextel Motorola Kairos Prepago Libre Y Claro 3g Con Watsap,CELLPHONES
Samsung S10+ Libre Dual Sim 128gb 8g Ram Sm-g975f/ds.permuta,CELLPHONES
Motorola C Plus Usado ,CELLPHONES
iPhone 11 Pro Max 256 Gb Plata 4 Gb Ram,CELLPHONES
Celular Moto E E2 8gb Pantalla Hd Alta Definicion Ultra Fast,CELLPHONES
Tv Color De Tubo 14 Pulgada,CELLPHONES
Celular iPhone 6 32gb,CELLPHONES
Samsung Galaxy A3 2017 ,CELLPHONES
Celular Samsung J7 2016 Impecable ,CELLPHONES
Tv Led Sanyo 32 Pulgadas ,CELLPHONES
Samsung Galaxy A51 128 Gb Prism Crush White 6 Gb Ram,CELLPHONES
Tv LG 29 Pulgadas Plana  Buen Estado,CELLPHONES
Repuesto Tv Led LG 32lf550b,CELLPHONES
iPhone 6 64gb,CELLPHONES
Celular Nextel I897 Edicion Ferrari Negro Films En Vidrios,CELLPHONES
iPad Mini Como Nuevo!!!,CELLPHONES
iPhone 6s 128gb Completo,CELLPHONES
Tv 14 Pulgadas + Control Remoto + Soporte ,CELLPHONES
Celular Blackview Bv6000 Ip68 Android 6.2 Water Rugged Nuevo,CELLPHONES
Motorola Moto X Stylus Pure Xt1075 32gb 4g Bambo Nuevo Caja,CELLPHONES
"Nextel I418, Se Queda En Logo",CELLPHONES
Grundig 20  Vintage C/remoto. ,CELLPHONES
Celular Nextel I867 Negro En Caja Andrid 2.1 Chico Liviano,CELLPHONES
Tv Sony 29,CELLPHONES
iPhone 7,CELLPHONES
Imperdibleee!! Vendo iPhone 7como Nuevo!!Batería Al 91%,CELLPHONES
Celular Motorola X I Generacion,CELLPHONES
Televisor Phillips 29 Excelente Estado ,CELLPHONES
Celular Strike Sonim Color Amarillo Ip67 Ip68 Resiste Golpes,CELLPHONES
Vendo Xiomy Redmi Note 8 Semi Nuevo,CELLPHONES
I Phone 4 S,CELLPHONES
Celular Moto X2 Bambo 32gb Quad-core Snap Dragon 803 2.3ghz,CELLPHONES
Celular Samsung Chat 222,CELLPHONES
Samsung S 5360 Para Reparar Leer Descripcion Completa.,CELLPHONES
Philips Led Smart Tv 55  4k Ultra Hd Con Ambilight Philips,CELLPHONES
Celular Motorola 5play Dorado,CELLPHONES
Celular Nextel Iron Rock Xt626 Version 4 Color Verde Modelo3,CELLPHONES
Motorola V172 Para Reparar No Funciona Para Repuestos,CELLPHONES
Xiaomi Redmi 7a (13 Mpx) Dual Sim 32 Gb Morning Blue 2 Gb Ra,CELLPHONES
Televisor Jvc Musse ,CELLPHONES
Samsung Un55ru8000 55-inch Ru8000 Led Smart 4k Uhd Tv 2019 ®,CELLPHONES
Celular Samsung S9 Impecable Violeta 64gb ,CELLPHONES
Celular Motorola Acepto Permutas Entrego En Ramos Mejia,CELLPHONES
Tv  20  Top House Sin Control Usada,CELLPHONES
Blackberry Curve 8520 Con Detalles De Uso- Funciona Ok.,CELLPHONES
Samsung Galaxy A30s 64 Gb Prism Crush Black 4 Gb Ram,CELLPHONES
Celular Samsung Galaxy J4+ (usado),CELLPHONES
Tablet Samsung Galaxy T510 10.1 Octa Core 2gb 32gb Nuevas,CELLPHONES
"Apple iPad Pro 2020 - 12,9¨, 1tb, Wifi + 4g - 4ta Generación",CELLPHONES
Tablet Nueva Sin Caja Y Sin Garantía Modelo M8001 /8 Gb.,CELLPHONES
Smart Tv Samsung 50 Uhd 4k 50ru7100 1104 Televisor Factura A,CELLPHONES
Combo De Celulares LG Nokia,CELLPHONES
Celular Samsung Gt-m2520 Para Reparar O Para Repuestos,CELLPHONES
Motorola Kairos Xt627 Doble Dual Sim Nextel Gsm En Caja Full,CELLPHONES
Tv Hisense 32 Hd Lcd Modelo Hl3211a Hdmi Vga Control Remoto,CELLPHONES
Motorola Nextel I417 Caja Films En Vidrio Sin Remover Black,CELLPHONES
Celular Samsung S2 Negro Libre Color Black Anda Watasp,CELLPHONES
Celular Nextel Tactil Touchscreen I867 Version 2.4 Sin Watsa,CELLPHONES
Celular Motorola Moto X X2 32gb 4g White Edicion Bambu,CELLPHONES
iPhone 7 Rose. Excelente Estado,CELLPHONES
Lcd Pioneer 32 Pantlla Rota ,CELLPHONES
Tv Pantalla Plana 29' Ken Brown,CELLPHONES
Motorola Moto E4 Plus 16gb 3ram 13mpx Libre 5000mha Dual Sim,CELLPHONES
iPhone 6 De 64gb Dorado Batería Nueva. Impecable,CELLPHONES
Televisor Clásico Noblex 16  (funciona),CELLPHONES
Lote De 6 Equipos En Total Nextel Libres 2 I615 Y 4 I355,CELLPHONES
Celular Samsung J2 Core,CELLPHONES
Tv Panasonic 29 Pulgadas,CELLPHONES
Celular Hyundai Ultra Air En Caja 16gb 2gb Ram Libre Negro,CELLPHONES
iPhone 4 A1332 Emc 380a No Enciende,CELLPHONES
Nextel I830 I835 Plateados Dorados Blancos Prepagos Libres,CELLPHONES
Moto E6 Plus 32gb Polished Graphite 2gb Ram,CELLPHONES
LG G4,CELLPHONES
Vendo Celular Motorola Moto Go,CELLPHONES
Alcatel,CELLPHONES
iPhone 11 64gb Black Sellado En Caja ,CELLPHONES
iPhone 6 Original De 32gb,CELLPHONES
Google Pixel 3 - White - 128gb - Unlocked,CELLPHONES
Tv 14 Mustang Funcionando,CELLPHONES
Celular Tarjeta Card Phone Bluetooth Gsm 2g Z9 Envios,CELLPHONES
Tv LG Flatron 21,CELLPHONES
iPhone 7 Plus 128gb,CELLPHONES
Samsung J7 Pro 2017 - Lector De Huella,CELLPHONES
Nextel I9 Azul Usado Legal Libre Importado Funcionan Ok,CELLPHONES
"Celular Samsung Galaxy S3 Usado Estado 7,8p Color Blanco",CELLPHONES
Ruggear Rg730 4g  2gb 16gb Mejor Que Cat S40 S41 S31  Ip68 ,CELLPHONES
Samsung Galaxy S10 Plus Negro 128gb,CELLPHONES
Samsung Galaxy J6+ 2019 Como Nuevo,CELLPHONES
Celular Samsung Galaxy S10 Pantalla 6.1  Tecnología Amoled ,CELLPHONES
iPhone 8 Plus 256 Gb,CELLPHONES
Televisor Phillips .volumen No Funciona ,CELLPHONES
Celular Sony Xperia M4 Aqua Camara 13 Mp 4g Lte Radio Fm Gta,CELLPHONES
Tv Telefunken 14 ,CELLPHONES
Smart Tv Led Full Hd Tcl L39s4900 39 Hdmix3 Netflix. Wi-fi,CELLPHONES
iPhone X,CELLPHONES
Televisor 21,CELLPHONES
Celular Moto G7 Power 4gram 64gb,CELLPHONES
Televisor Lcd Sony Bravia 40 ,CELLPHONES
Samsung Galaxy S10 128gb Negro Snapdragon 855 Nuevo Liberado,CELLPHONES
Celular iPhone 6s 32gb Modelo Rosa Con La Caja Original Full,CELLPHONES
Celular Motorola G5s Liberado 32 Gb 3 Gb Ram 16 Mp Dual Sim,CELLPHONES
Tv Led LG 32le5500 Full Hd - A Reparar,CELLPHONES
Celular Motorola Moto X 1 Gen Xt1058 Envío Gratis!! ,CELLPHONES
Celular Nextel I294 Films En Vidrios En Caja Naranja Libre,CELLPHONES
Bgh 42 Pulgadas Smart Tv,CELLPHONES
iPhone XS Max,CELLPHONES
Televisor Philips,CELLPHONES
Televisor 29 Pulgadas Jvc Mod Av T2912,CELLPHONES
Samsung Galaxy A71 128gb 6gb Ram 6.7'' 4 Cam 64+12+5+5 Mpxs,CELLPHONES
Xiaomi Mi Play Dual Sim 64 Gb Black 4 Gb Ram,CELLPHONES
Tv 29 Crown,CELLPHONES
Televisor 21 Hitachi Con Control Remoto,CELLPHONES
iPhone 5 Impectable!,CELLPHONES
Televisor Sanyo 21 Pulgadas,CELLPHONES
Tv Philips 20 Pulgadas  Excelente Estado,CELLPHONES
adidas Superstar,CELLPHONES
Ihpone 8 Plus Original 256gb 99%,CELLPHONES
Celular Motorolla G5 Plus,CELLPHONES
Samsung A8,CELLPHONES
Celular Samsung Galaxy J7 Prime,CELLPHONES
Philips 32pfl6606d/77 ,CELLPHONES
Nokia 3200 Buen Estado Para Reparar/repuesto,CELLPHONES
Apple iPad Pro 2017 64gb Gold.,CELLPHONES
Tv Philco 20  Modelo 20b 19rc ,CELLPHONES
Celular Huawei Mate 10 Lite - Menos De 1 Año De Uso,CELLPHONES
Celular iPhone 6 Usado. ,CELLPHONES
iPhone 7 128gb,CELLPHONES
Led Full Hd 24 Philco,CELLPHONES
Tv Noblex 20 . $500,CELLPHONES
Blackberry 8310 Funcionando Ok Movistar Sin Bateria,CELLPHONES
iPhone 5c Liberado,CELLPHONES
"Nextel Titanium Legal Libre Regalo Chip Prepago Activo V2,5",CELLPHONES
Celular Sonim Strike Apto Para Agua Lluvia Y Deporte Extremo,CELLPHONES
"Televisor Broksonic 14, Sin Funcionar",CELLPHONES
Lenovo Yoga Tab 3 Pro Con Proyector La Mejor,CELLPHONES
Sasung Galaxy S8 64gb,CELLPHONES
Apple iPhone 5 16gb Batería Nueva,CELLPHONES
Televisor Tv Led 24  Hd Philips Phg4032-77,CELLPHONES
Samsung Galaxy S4 4g 8 Nucleos 16gb Wifi Hd Lte! Liberado,CELLPHONES
iPhone 6 S 64 G,CELLPHONES
Televisor Sanyo 27  Con Control !! Leer Bien !! ,CELLPHONES
Samsung Galaxy J1 Ace,CELLPHONES
"Celular LG K8 Poco Uso , Sin Ningún Detalles ",CELLPHONES
Celular,CELLPHONES
Televisor Noblex 32 Led 32ld878hi Smartv,CELLPHONES
iPhone 7 32 Gb 80% Capacidad Operativa De Batería. Silver,CELLPHONES
Tablet Android ,CELLPHONES
Celular Samsung J1 Ace,CELLPHONES
Tv Philips 21  Con Control Remoto ,CELLPHONES
Apple iPad Pro 12.9' New 2020 1tb Wi-fi + 4g Gris,CELLPHONES
Samsung Galaxy Note 5 Lte 4g 32gb 5.7' 32gb 4gb Octa Core1,CELLPHONES
Televisor Recco-2909 27 ,CELLPHONES
LG Spirit Titanium ,CELLPHONES
Moto E6 Plus 64 Gb Caribbean Blue 4 Gb Ram,CELLPHONES
iPhone Se2 2020 64gb En Caja Sellada ,CELLPHONES
Televisor Hitachi 29  ,CELLPHONES
Tv,CELLPHONES
Xiaomi Redmi Note 8t 32/3 Quédate En Casa Envíos A Domicilio,CELLPHONES
iPhone 11 Pro Max 512 Gb Stock Y Garantía,CELLPHONES
Motorola G6 Plus,CELLPHONES
Samsung Galaxy S20+ Plus Duos 128gb Original Caja Cerrada,CELLPHONES
Apple iPhone X 64 Gb Plata Sellado Garantía ,CELLPHONES
iPhone 11 Pro Max 64 Gb Gris Espacial 4 Gb Ram,CELLPHONES
LG K40 Dual Sim 32 Gb Aurora Black 2 Gb Ram,CELLPHONES
"Apple iPad Pro De 9,7 Pulgadas, Wi-fi Y Móviles, 128gb,...",CELLPHONES
Televisor 29,CELLPHONES
Tv Samsung 21  ,CELLPHONES
Televisor Samsung 29  Pulgadas Pantalla Plana Con Caja,CELLPHONES
Celular Motorola Moto G7 Power 32gb 12mpx Usb-c Refabricado,CELLPHONES
Motorola Nextel Iden I835 Negro Pirata Nuevo 0km En Blister,CELLPHONES
iPad 3 64gb Wifi,CELLPHONES
X-view Proton Jet Pro,CELLPHONES
Westinghouse Tablet 7  Quadcore 1.2ghz 8gb W7twf19,CELLPHONES
Samsung Galaxy Tab 3,CELLPHONES
Smart Tv Samsung O LG Reparacion Leds A Domicilio,CELLPHONES
iPad Lenovo,CELLPHONES
Televisor Philips 22 Pulgadas Con Soporte Pared,CELLPHONES
Celular Smartphone Samsung Galaxy A3 A310 2016 + Garantía,CELLPHONES
Xiaomi Redmi 7a 32gb 2 Gb Ram 4g Lte Bateria 4000 Mah + Grti,CELLPHONES
Nextel Motorola I560 Black Mejor Señal Libre Anda Todo V#5,CELLPHONES
iPhone 11 Pro Max 256 Gb Color Oro Caja Sellada,CELLPHONES
Samsung Galaxy S4 I9500 4g Camara 13mp Films Vidrio Nuevo,CELLPHONES
iPhone 3g Para Usar Como Reproductor O Arreglar ,CELLPHONES
Celular Xiaomi Note 8 64gb,CELLPHONES
Televisores Led 50  32 Y 40   Para Reparar ,CELLPHONES
Nextel I833 I836 Pininfarina Primera Edicion Films En Vidrio,CELLPHONES
iPhone 11 Negro Libre De Fábrica,CELLPHONES
Celular Samsung Galaxy S8,CELLPHONES
Celular Huawei Mate 10 Lite ,CELLPHONES
Televisor Phillips 21 Pulgadas Powervisión Estéreo,CELLPHONES
iPad 2 La Más Full 2019,CELLPHONES
Tv Sony Bravia 32 Pulgadas,CELLPHONES
Smart Tv Philco 43 Pulgadas Pld43fs9a1 Hd Wifi Netflix Usb,CELLPHONES
Celular iPhone 5 Se Libre Gps Camara 12 Mp 4k Chip A9 Gta,CELLPHONES
iPhone 8plus Perfecto Estado Y Liberado!,CELLPHONES
Celular Sony Xperia Z5 White E6681 32gb 4g New Original Box,CELLPHONES
Tv Led Smart Hisense Hle4015rtai 40'' Con Android Netflix,CELLPHONES
Celular Dualsim Nextel Personal 3g Motorola Iron Version 407,CELLPHONES
iPhone X 256 Gb Usado Impecables!!  Negro Y Otro Blanco,CELLPHONES
iPhone X 64 Gb Nuevo,CELLPHONES
Tv Color Philips 21 Powervision Multi System 2 Stereo,CELLPHONES
iPhone 5s,CELLPHONES
Celular Nextel Ferrari Red Edicion Ver#2 Limited I890 I897,CELLPHONES
Smart Tv 40 Samsung Un40j5300 Netflix,CELLPHONES
Celular Liberado Samsung Galaxy S4,CELLPHONES
Flash 02 ,CELLPHONES
Huawei Mate 9 Lite,CELLPHONES
Nextel I867 Edicion Ferrari Caja Original Legal Watsap Libre,CELLPHONES
Celular Huawei Ascend G300 Blancoo,CELLPHONES
Tv Vis Series 231  Hd - Expimled - Uso Comercial,CELLPHONES
Celular Nextel I1 En Caja Completo Wifi Camara Mp3 Internet,CELLPHONES
Celular Nextel I876 Black Canada Motorola Original Anda Todo,CELLPHONES
Led 40 Samsung Mod Un40f5000,CELLPHONES
Marco Tv Samsung Lcd 32  Ln32c530 Funcionando Ok,CELLPHONES
Smart Tv LG Full Hd 43  43lk5700,CELLPHONES
Monoplaca Smart Jvc De 43 Full Hd,CELLPHONES
Motorola Motoz 2 Force 6gb Ram 64gb ,CELLPHONES
Celular iPhone 6s Plus Impecable,CELLPHONES
Nextel I867w Caja Original Anda Ok Sms Llamada Libre White,CELLPHONES
J7 Prime 32gb Pantalla Golpeada ,CELLPHONES
Tv Smart LG 55   3d Con Lentes Mod 55la6200 Impecable,CELLPHONES
Samsung A50 Libre Como Nuevo. Busco iPhone,CELLPHONES
Dump Memoria Spectra Sptv32z1,CELLPHONES
Lenovo K5 Vibe Octacore 2gb Ram Dual Sim Libre Oem Gris Gray,CELLPHONES
Moto G5 Plusxt1805,CELLPHONES
Celular Samsum Poket ,CELLPHONES
Tablet Toshiba Windows 10,CELLPHONES
Celular Discovery Land Rover V8 Super Fuerte En Caja Naranja,CELLPHONES
Samsung Galaxy Alpha Smg850m - 4g Lte - 32gb - Liberado-usa,CELLPHONES
Samsung Galaxy S7 Edge ,CELLPHONES
iPhone XR 64gb,CELLPHONES
Apple iPhone 8 64gb Original Caja Sellada Gtia Oficial Local,CELLPHONES
Philips 25',CELLPHONES
Nextel Motorola Xt626 Iron.rock Negro En Caja Version 504,CELLPHONES
Telefono I920 Para Gsm Y Nextel Internet Con Windows Mobile,CELLPHONES
Nextel Iden I686 I680 Brute Militar Films Vidrio Sin Remover,CELLPHONES
iPhone 5c Para Repuesto,CELLPHONES
Celular Nextel I897 Ferrari Rojo En Caja Con Accesorios,CELLPHONES
Lenovo Vibe K5 Plus A6020 16gb Dual Sim Libre Garantia Nuevo,CELLPHONES
Samsung J5 Prime,CELLPHONES
Televisor Philips 39´pulgadas  Con La Pantalla Rota ,CELLPHONES
"iPhone 6, 64gb",CELLPHONES
Xiaomi Redmi Note 5,CELLPHONES
Apple iPhone 7plus 128gb,CELLPHONES
Televisor Samsung 29  ,CELLPHONES
Celular iPhone 6 Plus. Impecable,CELLPHONES
Televisor 34 Con Mesa De Hierro Y Vidrios Gruesos,CELLPHONES
Televisor Philips 29  -Modelo 29pt558a/77r,CELLPHONES
Samsung S6 Edge Libre Ya No Lo Tengo M L Robaron,CELLPHONES
Celular Samsung Galaxy S9 Negro 64 Gb,CELLPHONES
Motorola Moto Z3 Play,CELLPHONES
Televisor Color Samsung 14 Pulgadas + Soporte,CELLPHONES
Celular Nextel I760 Edicion Limitada Blanco White Blue Azul,CELLPHONES
Celular Nextel I930 Windows Mobile 5.0 Acepta Chip Gsm,CELLPHONES
Celular Samsung J7 Star 32gb Blue Super Oferta,CELLPHONES
iPhone 6s Plus 64gb Silver Excelente Estado Cargador Y Auric,CELLPHONES
Motorola Moto E6 Play * Nuevos * Libres * Gtia * Tope Hogar,CELLPHONES
Samsung Galaxy Note 5 4g Bram Smn920g 32gb Color Gold 4g,CELLPHONES
Smart Tv Phillips 43 Pulgadas Pantalla Rota,CELLPHONES
Televisor Philips Led 32 Pulgadas + Soporte Fijo De Pared.,CELLPHONES
Celular Lg F60 ¡vidrio Roto Pero Anda Perfecto! ;),CELLPHONES
Samsung Galaxy Note 5 Sm-n923 8core 4gb Ram 32gb 16mp Blanco,CELLPHONES
Smart Tv Viewsonic 32 Vtv3212g-hds,CELLPHONES
Celular iPhone 7 Libre 128gb Chip A10 Cám 12 Mp 4g Garantía,CELLPHONES
Nextel I9 Usado Buen Estado Importado Usa Boost Mototalk Mp3,CELLPHONES
Celulares Nextel Equipos Libres Prepagos I296 I295 I415,CELLPHONES
iPhone 7 Plus 32gb,CELLPHONES
iPhone 5 Para Repuesto,CELLPHONES
Celular iPhone 7,CELLPHONES
Motorola Kairos Xt627 Doble Dual Sim Nextel Gsm Inmaculado,CELLPHONES
Celular Sonim Strike Apto Para Agua Lluvia Deportes Extremos,CELLPHONES
iPhone 8 Rose Gold 64 Gb (lo Roto Es El Vidrio Templado) !!!,CELLPHONES
Samsung S10 128 Gb,CELLPHONES
Nokia Lumia 620,CELLPHONES
Sony Bravia Klv40w300a,CELLPHONES
Samsung S9,CELLPHONES
Sony Tablet Xperia Z Sgp312 Color Negro,CELLPHONES
Celular Doble Sim Xt Iron Nextel Claro 3g Anda Watsap Ver 42,CELLPHONES
Iden Nextel I615 Handy Radio Con Antena Pantalla Amplia,CELLPHONES
iPhone 7 Plus 128 Gb Completos Nuevos Libres,CELLPHONES
Samsung 3300 Leer,CELLPHONES
iPad Mini 2,CELLPHONES
Celular Libre Motorola Moto E6 Plus 2/32gb Libre Cuotas ,CELLPHONES
Celular iPhone 5c 16gb,CELLPHONES
Sceptre 65 4k Ultra Hd 2160p Led 4x Hdmi 2.0 Hdtv 3840x216 ®,CELLPHONES
Samsung E1200i Solo Europa Como Nuevo,CELLPHONES
Tv Lcd Philips De 32 Pulgadas - No Hago Envios,CELLPHONES
Tv Philips 32` ,CELLPHONES
Celular iPhone XR Black 64 G 3 Gigas Ram,CELLPHONES
Samsung Galaxy A70 Dual Sim 128 Gb Negro O Azul 6 Gb Ram,CELLPHONES
Samsung Galaxy Note 5 Lte 4g 32gb 5.7' 32gb 4gb Envio Gratis,CELLPHONES
Celular Nextel I940 Wifi Facebook Nuevo En Caja Sin Uso,CELLPHONES
Handy Nextel Motorola Ironrock Xt626 Solo Para Prip Nextel,CELLPHONES
iPhone 6 - 64 Gb - Impecable - Smart Battery - Envío Gratis,CELLPHONES
iPhone 7  32 Gb Nuevo + Garantía + Templado,CELLPHONES
Nextel Kairos Motorola Xt627,CELLPHONES
Televisor Proyección 43,CELLPHONES
iPhone 6 64gb Liberado En Caja Original,CELLPHONES
Smart Tv 32 Full Hd Samsung + Soporte Fijo De Pared,CELLPHONES
Blu X8 Studio Hd,CELLPHONES
Samsung 55 Pulgadas Curvo Display Roto (leer),CELLPHONES
Samsung Galaxy A10s 32 Gb Azul 2 Gb Ram,CELLPHONES
Tv Smart 50 Samsung Ultra Hd 4k 50mu6100 Ad,CELLPHONES
Celular Huawei,CELLPHONES
Celu,CELLPHONES
Tv Sony Bravia 40 ,CELLPHONES
)samsung Un55mu6100gczb Pantalla Rota ,CELLPHONES
LG Led Tv 32'' Incluye Hdmi Y Soporte Móvil ,CELLPHONES
Celular Liberado Zte Blade A3 Lite 16gb 1gb 5 Negro,CELLPHONES
Nextel Iden I836 Negro Con Gris Edicion Limitada Nuevo Refub,CELLPHONES
iPhone 5 Versión 10.4,CELLPHONES
Celular 2 Chip Activos Nextel Solo Radio Y Personal Libre,CELLPHONES
Nextel I867 White I867w Edicion Blanco Edition Usado En Caja,CELLPHONES
Celular Nextel Blackberry I7100 En Caja Films En Vidrios #23,CELLPHONES
Moto Z Xt1650-3 (no Es Elplay),CELLPHONES
Tv 32 Samsung,CELLPHONES
"iPhone 8 Negro De 64 Gb. Caja Cerrada, Garantía 1 Año",CELLPHONES
Televisor Lcd Top House Modelo Kl24ns62u,CELLPHONES
Televisor Telefunken 28 ,CELLPHONES
Tv Color Philips 21 Powervision + Soporte De Pared,CELLPHONES
Celular LG K10 Liberado Android 6.0 ,CELLPHONES
iPhone 7 Apple 128gb Silver ,CELLPHONES
Tablet Samsung Galaxy Tab 2 7.0,CELLPHONES
Huawei Ascend,CELLPHONES
Televisor Color First Line 20  Funciona Bien,CELLPHONES
"Apple iPad Pro 12,9 512gb Wifi + 4g 4ta Gen 2020 _1",CELLPHONES
Samsung A50 4gb 64gb,CELLPHONES
Tv Samsung 32 Led,CELLPHONES
"Motorola Iron Rock Xt626, Nuevo De Fabrica En Caja Cerrada",CELLPHONES
Samsung Gti8550l Libre Reparar O Repuestos Sin Bateria,CELLPHONES
Blackberry Nextel Curve Negro Black Apta Anda Plan Bis Libre,CELLPHONES
Smart Tv Led De 32 Rca X32sm,CELLPHONES
Motorola Moto X 2 Vendo,CELLPHONES
Parlantes Tablet Asus Tf300t,CELLPHONES
Tv Led 50 Da50x6500 Full Hd Smart Tv Noblex 4k Da50x6500,CELLPHONES
Celular Mini Nextel I867 Chico Liviano Libre Android Facebok,CELLPHONES
Vendo ! Microsoft Zeiss ! Exelente Estado!,CELLPHONES
Tv Samsung Slimfit 29' + Mesa Platinum ,CELLPHONES
Tv Noblex Tubo 21 ,CELLPHONES
Tablet 7´´ Avh Action Kids Con 2 Fundas,CELLPHONES
Huawei Mate 8 Lte 6 16mp 4gb 64 Gb Dual Sim A Pedido En Caja,CELLPHONES
Celular Nextel I867 Negro ,CELLPHONES
iPhone 6s 32gb,CELLPHONES
Celular Libre Samsung Galaxy A30s 64gb 4gb Ram Ahora 12 ,CELLPHONES
Motorola Moto G 2da Generación 8gb Liberado Nuevo 4g Suelto,CELLPHONES
Samsung S6 Edge Libre,CELLPHONES
Celular Archos 45g Dualsim Nuevo En Caja Doble Camara Watsap,CELLPHONES
iPhone 6,CELLPHONES
Televisor Retro,CELLPHONES
Xiaomi Note 8,CELLPHONES
Celular Alcatel One Touch Idol Mini S (claro),CELLPHONES
Radio Motorola Nextel I416 Libre Film En Vidrios Sin Remover,CELLPHONES
Moto E5 Play + Funda Y Blindex!!!,CELLPHONES
Televisor 21 En Excelente Estado. Liquido!,CELLPHONES
Celular Nextel I867w Blanco En Caja Original Legal Liberado,CELLPHONES
Celular Sin Linea Sony Xperia M5 Negro En Caja Liberado Gris,CELLPHONES
Moto E 1era Generación ( Pin De Carga No Anda),CELLPHONES
iPhone 5s 16gb Silver Para Repuesto ,CELLPHONES
Nextel Iden I860 Negro - Blue Importado De Usa Con Holder,CELLPHONES
Iden Nextel I880 Importado Telus Canda Version Roja #45,CELLPHONES
Motorola Z3 Play Liberado Completo Mas Moto Mod Parlante! ,CELLPHONES
Tv 21 Pulgadas Philco,CELLPHONES
Moto G Tercera Generación 4g Liberado,CELLPHONES
I880 Refubrished En Caja Original Legal Para Declarar Mp3,CELLPHONES
"iPhone 7plus De 128gb Entrego Con Caja, Cargador Y Funda",CELLPHONES
Motorola Moto G8 Play 32gb,CELLPHONES
"iPhone X  64 Gb , 2 Años De Uso , Bateria Al 90 %",CELLPHONES
iPod Touch 5 16gb En Perfecto Estado,CELLPHONES
Nextel Radio Solo En Buen Estado,CELLPHONES
Tv Led Philco Smart 43'' Full Hd Pld43fs9a1 Primera,CELLPHONES
Samsung S10 ,CELLPHONES
Tv Sanyo 33  Excelente Estado.,CELLPHONES
Apple iPad 7 10.2 Retina 32gb Septima Generacion Original,CELLPHONES
Televisor Samsung 29  Combo En Reproductor Dvd Noblex Hdmi,CELLPHONES
Sony  Kdl20g2000 A Reparar,CELLPHONES
Samsung J1 Ace (reparar Pantalla),CELLPHONES
Celular Conquest S8 Ip68 Resistente Antena Larga Extra Señal,CELLPHONES
Celular Motorola Z2 Play ,CELLPHONES
Archos Z10 C/caja Libre Anda Watsap Memoria Expandible 32gb,CELLPHONES
Celular Radio Nextel Motorola I530 Modelo Batman Amarillo,CELLPHONES
Smart Tv Samsung 55  4k Ultra Hd Curvo. Pantalla Dañada,CELLPHONES
iPhone XS 256gb,CELLPHONES
Tv Smat 4k 55  Hyundai,CELLPHONES
Tv Philip 14 Estereo.-,CELLPHONES
Xiaomi Note 7 - 32gb + 2 Fundas Originales,CELLPHONES
Xiaomi Note 8 Pro 64 Gb Nuevo!!! Local!!! Leer!!!,CELLPHONES
Tv 29',CELLPHONES
Vendo iPhone 7 128gb,CELLPHONES
iPhone 7 De 32gb !!usado Excelente Estado!!,CELLPHONES
Motorola One 64 Gb Blanco 4 Gb Ram Garantia 6 Cuotas ,CELLPHONES
Nextel I580 Yellow Amarllio Para Uso En Obra De Construccion,CELLPHONES
Samsung S6 Edge Version 2.16 32 Gb4g Liberado En Caja Full,CELLPHONES
Celular Alcatel One Touch T'pop,CELLPHONES
Tv Lcd Samsung 32,CELLPHONES
Alcatel Onetouch Idol Mini Ot-6012a Liberado,CELLPHONES
"iPhone SE 64gb. Impecable, Con Funda Y Vidrio Templado",CELLPHONES
Televisor Plano 21',CELLPHONES
Televisor Color Philco - Modelo:14c82-rc - 36 Cm (14 ),CELLPHONES
Tv Hyundai 29 Pulgadas Pantalla Plana,CELLPHONES
Moto X 2 Generacion Xt 1095 32gb + 12 Mpx 4g Mercadopago,CELLPHONES
Nextel Iden I730 I710 Edicion I736 Serie De Coleccion Rojo,CELLPHONES
Celular iPhone Apple Se 32gb Rose Edition En Caja X Encargue,CELLPHONES
Celular Bv6600 Blackview Ip68 Resistente Agua Polvo Y Calor,CELLPHONES
Tv Philips Tubo 33 Funcionando Perfecto,CELLPHONES
Televisor Excelente Estado 21',CELLPHONES
Tv Smart Samsung Led 32  J4290,CELLPHONES
iPhone 7 128 Gb Rosa - Excelente Estado!!!,CELLPHONES
Samsung Galaxy S20+ Plus Dual 128gb Original Sellado Gtia,CELLPHONES
Television De 21 Pulgadas..  ,CELLPHONES
Samsung S7 Edge Para Cambiar Módulo/ P Repuesto,CELLPHONES
Smart Tv Led Samsung 32 J4290 Netflix Oferta Bidcom,CELLPHONES
Nextel I880 Usado Importado De Usa Estado Estetico 4p Libre,CELLPHONES
 Celular iPhone 4,CELLPHONES
Permuto. Motorola Moto X Play Nuevo,CELLPHONES
Celular Alcatel Ot 706a,CELLPHONES
"Celular Xiaomi Black Shark, Dual Sim, 64gb + 6gb De Ram",CELLPHONES
Celular Blu Dash 5.5 Dual Sim Para Repuestos - Kl-ventas,CELLPHONES
"Celular Hyundai Ultra Live 64gb En Caja Libre Pantalla 5,5",CELLPHONES
Samsung Galaxy S10 128g Sellados 18 Cuotas Sin Garantia,CELLPHONES
Motorola E5 ,CELLPHONES
Celular Samsung A30s 64g,CELLPHONES
Televisor Philco,CELLPHONES
Motorola Nextel I897 Ferrari Abono Prepago Radio Full Red,CELLPHONES
Motorola G6 Play,CELLPHONES
Sony Xperia Z3 + E6553 Libre A Reparar ,CELLPHONES
Super Promo iPhone SE 64gb Inpecable PlateadoEspectacular¿,CELLPHONES
iPhone 11 Pro 512 Igual A Nuevo Caja Gar Tomaría Permuta,CELLPHONES
Samsung Galaxy J2 Muy Bueno Blanco Movistar,CELLPHONES
Tablet Infantil No Anda,CELLPHONES
Nextel I940 Black Negro Tactil Ver#4 En Caja Original Libre,CELLPHONES
Televisor 12v /220v Blanco Y Negro Vintage,CELLPHONES
Huawei P20 Lite,CELLPHONES
Nextel Ironrock Iron Rock Xt626 Xt 626 Chip Claro Modelo68,CELLPHONES
Celular Nextel Ferrari Rojo Edicion I890 En Caja Nuevo 0km,CELLPHONES
Skyworth Tv Led 65  4k Uhd Usb/hdm ,CELLPHONES
Motorola Moto X 2ª Gen Xt1571 16gb 4g Edicion Stylus Black,CELLPHONES
Tv Hitachi 55'' S18,CELLPHONES
Flip Entero Original Motorola I880 Color Bordo Colocado,CELLPHONES
"Xiaomi Redmi Note 8 64gb, 4gb Ram, 4camaras",CELLPHONES
Celular Motorola Moto G4 Plus Xt1641 32gb 2gb Ram 16 Mpx ,CELLPHONES
Celular Nextel I897 Ferrari Mod#3 Black Edicion Nuevo 0km,CELLPHONES
Celular Lg Gw550,CELLPHONES
Samsung J5 Prime. Excelente Estado ,CELLPHONES
Tv Noblex 50 Pulgadas - Mod. 50ld876di,CELLPHONES
Tv Philips Color 14  Con Control Remoto ,CELLPHONES
Tv 29  Pulgadas,CELLPHONES
Televisor Grundig Satelite Multinorma 21,CELLPHONES
iPhone 7 256gb Jet Black,CELLPHONES
Xiaomi 9 Lite 12i Gb Nuevo En Caja,CELLPHONES
"Celular Motorola X Play 32gb 3gb Ram Hd 5,2 Nuevo Suelto",CELLPHONES
Televisor Samsung 14 Pulgadas,CELLPHONES
Celular Motorola,CELLPHONES
Tv Led 55w805c Sony Bravia Smart Desguace El Precio Fuente,CELLPHONES
Tv Sony 29 Pulgadas Trinitron,CELLPHONES
Celular Nokia Lumia 710 Usado Movistar,CELLPHONES
Nextel Motorola Xt626 Iron Rock Doble Linea Nextel Y Gsm,CELLPHONES
Motorola G6 Plus,CELLPHONES
Nextel Equipos Legales Importados Reacondicionados I296 Gris,CELLPHONES
Televisor Toshiba 20 Pulgadas,CELLPHONES
Celular Motorola Moto G 8gb Android 444 Movistar Prepago,CELLPHONES
Celular Hyundai Ultra Shadow Display Amoled Hd 5.1  En Caja,CELLPHONES
Celular Discovery Land Rover V8 Super Fuerte En Caja Naranja,CELLPHONES
Nextel Iden I880 Gris Americano Films En Vidrio Liberado,CELLPHONES
Celular Blackberry Original Z10 Azul Blue 16gb Reciclado Mov,CELLPHONES
Vendo S8 A La Mejor Oferta,CELLPHONES
Celular A10 Samsung,CELLPHONES
Tv Led Sony 65 Smart 4k Hdr Triluminos Ultra Hd En Stock Ya!,CELLPHONES
Smart Tv 39 Hitachi Led Cdh-le39smart14 Full Hd,CELLPHONES
iPhone 11 256 Gb Negro 4 Gb Ram,CELLPHONES
iPhone 7 De 128gb,CELLPHONES
Celular Samsung Galaxy S7 Edge,CELLPHONES
Xiaomi Redmi Note 8 ,CELLPHONES
Smart Tv LG Full Hd 43  43lk5700,CELLPHONES
Blackview Bv6000 32gb Ip67 Films Vidrio En Caja Dual Liberad,CELLPHONES
Samsung Galaxy S9 Plus - (64gb) - En Caja Buen Estado. Leer!,CELLPHONES
Xiaomi Mi 8 64gb 6gb Ram + Funda - Envío Gratis!,CELLPHONES
Table De 7 Pulgadas 8gb,CELLPHONES
Tv Philips Pantalla Plana 21 Pulgada,CELLPHONES
Televisor Color Antiguo Hitachi  21 ' Con Control Remoto,CELLPHONES
